Person;Finger;Scan;Feature
012;3;1;287;64;3,4330;1
012;3;1;236;85;3,1416;1
012;3;1;281;90;0,3805;1
012;3;1;259;98;0,2915;1
012;3;1;288;108;3,5221;1
012;3;1;256;128;3,3390;1
012;3;1;305;152;0,8961;1
012;3;1;313;156;3,9270;1
012;3;1;330;157;0,7854;1
012;3;1;178;168;5,6725;1
012;3;1;240;164;0,2915;1
012;3;1;155;181;5,3452;2
012;3;1;168;176;2,1112;1
012;3;1;231;185;0,0997;1
012;3;1;172;199;5,3967;2
012;3;1;200;194;2,4088;1
012;3;1;228;207;3,1416;1
012;3;1;289;204;1,1071;1
012;3;1;197;216;5,6378;2
012;3;1;224;215;1,1071;1
012;3;1;177;238;5,3417;2
012;3;1;228;238;2,2209;2
012;3;1;234;239;1,1903;1
012;3;1;239;224;1,2793;1
012;3;1;144;250;1,8623;1
012;3;1;206;251;2,0779;1
012;3;1;218;253;1,9513;1
012;3;1;217;268;1,4711;1
012;3;1;158;281;1,6121;2
012;3;1;240;278;1,4259;2
012;3;1;130;303;4,9098;1
012;3;1;192;301;4,9098;1
012;3;1;351;297;1,1903;1
012;3;1;191;310;1,5708;1
012;3;1;302;305;4,7124;1
012;3;1;317;362;1,5708;1
012;3;1;335;356;1,1071;1
012;3;1;140;379;5,1760;1
012;3;1;251;399;4,9098;1
012;3;1;335;385;1,3734;1
012;3;1;166;408;5,3231;1
012;3;1;203;413;5,2528;1
012;3;1;219;400;5,0038;1
012;3;1;307;431;5,0929;1
012;3;1;152;439;5,6725;1
012;3;1;179;432;5,6221;1
012;3;1;223;447;5,4978;1
012;3;1;272;444;5,3871;1
012;3;1;328;442;5,7428;1
012;3;1;151;461;5,8195;1
012;3;1;274;462;5,8195;1
012;3;1;306;463;6,0858;1
012;3;1;235;464;5,9917;1
012;3;3;245;77;3,1416;1
012;3;3;270;94;0,2915;1
012;3;3;201;106;2,7611;1
012;3;3;209;107;5,9917;1
012;3;3;268;123;3,4330;1
012;3;3;244;151;0,2915;1
012;3;3;163;167;5,4641;2
012;3;3;172;167;2,0344;1
012;3;3;183;160;5,6084;1
012;3;3;203;205;5,8189;2
012;3;3;174;214;2,3562;1
012;3;3;205;216;2,3036;1
012;3;3;223;214;2,6012;1
012;3;3;239;219;1,0304;1
012;3;3;223;227;1,5708;1
012;3;3;233;226;4,5150;1
012;3;3;236;230;1,1903;1
012;3;3;118;247;4,9098;1
012;3;3;147;242;1,7682;1
012;3;3;186;240;1,9513;1
012;3;3;210;249;1,9513;1
012;3;3;223;252;1,8623;1
012;3;3;226;246;1,4711;1
012;3;3;164;271;1,7682;1
012;3;3;198;258;1,6705;1
012;3;3;247;278;1,7799;2
012;3;3;134;290;4,9098;1
012;3;3;193;290;4,9098;1
012;3;3;265;293;1,6705;1
012;3;3;300;300;4,8121;1
012;3;3;192;308;1,6553;2
012;3;3;284;319;1,7682;1
012;3;3;137;369;5,3231;1
012;3;3;164;398;5,1760;1
012;3;3;192;385;5,0929;1
012;3;3;201;387;1,9513;1
012;3;3;213;392;5,1760;1
012;3;3;244;396;5,0038;1
012;3;3;194;402;5,4773;2
012;3;3;146;430;5,8195;1
012;3;3;175;425;5,4978;1
012;3;3;219;442;5,3231;1
012;3;3;264;441;5,3871;1
012;3;3;146;451;5,9027;1
012;3;3;226;463;5,9027;1
012;3;3;265;461;5,8195;1
012;4;1;229;134;2,9442;1
012;4;1;268;128;0,3805;1
012;4;1;163;154;2,4669;1
012;4;1;199;155;6,1835;1
012;4;1;279;157;3,5221;1
012;4;1;224;168;0,0000;1
012;4;1;298;188;0,7854;1
012;4;1;134;200;2,1112;1
012;4;1;237;209;0,2915;1
012;4;1;234;228;0,1974;1
012;4;1;306;232;1,1903;1
012;4;1;222;241;2,2455;1
012;4;1;231;240;0,9098;1
012;4;1;339;253;1,1903;1
012;4;1;174;269;5,0064;2
012;4;1;216;261;1,9513;1
012;4;1;225;266;1,8195;2
012;4;1;129;282;1,4711;1
012;4;1;347;287;1,2793;1
012;4;1;302;294;1,4711;1
012;4;1;169;313;4,7124;1
012;4;1;170;333;4,2487;1
012;4;1;230;335;1,4464;1
012;4;1;234;334;1,8497;2
012;4;1;253;327;1,6705;1
012;4;1;327;329;1,4711;1
012;4;1;196;343;5,2528;1
012;4;1;223;349;1,9513;1
012;4;1;231;343;5,3004;2
012;4;1;145;357;0,9601;1
012;4;1;222;366;5,2528;1
012;4;1;271;356;1,8623;1
012;4;1;159;376;4,1017;1
012;4;1;336;374;1,3734;1
012;4;1;176;398;0,1974;1
012;4;1;250;384;5,3734;1
012;4;1;134;405;3,8682;1
012;4;1;140;409;0,4636;1
012;4;1;182;415;3,2413;1
012;4;1;305;411;1,9513;1
012;4;1;234;417;5,9917;1
012;4;1;307;419;5,2528;1
012;4;1;332;429;5,5504;1
012;4;1;281;434;5,3734;1
012;4;1;308;439;5,8195;1
012;4;3;199;82;6,0858;1
012;4;3;264;126;0,5404;1
012;4;3;221;130;2,8501;1
012;4;3;161;144;2,6012;1
012;4;3;197;145;5,9027;1
012;4;3;273;159;3,6052;1
012;4;3;216;165;0,0997;1
012;4;3;132;181;5,3871;1
012;4;3;286;188;0,8380;1
012;4;3;124;194;2,1815;1
012;4;3;99;220;1,9513;1
012;4;3;223;225;0,6107;1
012;4;3;292;235;1,1903;1
012;4;3;201;255;1,9513;1
012;4;3;221;244;0,9601;1
012;4;3;116;271;1,6705;1
012;4;3;161;260;4,9328;2
012;4;3;209;263;1,8195;2
012;4;3;285;297;1,5708;1
012;4;3;146;315;4,5150;1
012;4;3;151;305;4,7124;1
012;4;3;152;319;4,9098;1
012;4;3;162;318;4,9098;1
012;4;3;147;320;1,1071;1
012;4;3;152;332;4,4209;1
012;4;3;179;335;5,1760;1
012;4;3;217;322;1,9890;2
012;4;3;234;326;1,8623;1
012;4;3;307;330;1,4711;1
012;4;3;102;339;1,3734;1
012;4;3;104;351;4,5150;1
012;4;3;207;346;2,1379;2
012;4;3;126;352;0,9601;1
012;4;3;198;364;5,3231;1
012;4;3;249;354;1,8623;1
012;4;3;127;370;4,2487;1
012;4;3;131;373;0,5404;1
012;4;3;140;368;3,8604;1
012;4;3;228;383;5,1760;1
012;4;3;109;399;4,3319;1
012;4;3;150;388;0,2915;1
012;4;3;115;400;0,4636;1
012;4;3;159;401;3,5221;1
012;4;3;281;408;2,0344;1
012;4;3;103;421;3,6052;1
012;4;3;160;426;0,0000;1
012;4;3;208;416;5,9027;1
012;4;3;253;431;5,5565;1
012;4;3;282;419;5,2528;1
012;4;3;114;445;3,3390;1
012;4;3;282;438;5,9917;1
012;4;3;218;463;5,9917;1
012;5;1;224;119;5,8195;1
012;5;1;276;112;6,1835;1
012;5;1;227;156;5,8745;2
012;5;1;291;146;3,1416;1
012;5;1;294;161;6,1835;1
012;5;1;327;169;3,2413;1
012;5;1;200;177;2,6012;1
012;5;1;240;186;6,1835;1
012;5;1;284;180;3,0419;1
012;5;1;316;190;0,3805;1
012;5;1;212;205;2,6012;1
012;5;1;293;201;3,0419;1
012;5;1;301;207;0,0000;1
012;5;1;168;220;2,5309;1
012;5;1;170;214;5,8195;1
012;5;1;223;212;5,8195;1
012;5;1;263;225;5,9614;2
012;5;1;325;227;3,5221;1
012;5;1;333;230;0,2915;1
012;5;1;347;228;3,5221;1
012;5;1;258;251;2,7724;2
012;5;1;343;250;0,6107;1
012;5;1;166;256;2,1815;1
012;5;1;203;260;5,6725;1
012;5;1;337;287;0,8501;2
012;5;1;268;290;0,0000;1
012;5;1;382;298;0,8961;1
012;5;1;139;320;1,8623;1
012;5;1;184;333;4,9098;1
012;5;1;222;334;5,3668;2
012;5;1;255;329;2,1112;1
012;5;1;256;322;1,1071;1
012;5;1;266;320;1,0304;1
012;5;1;275;327;0,8961;1
012;5;1;317;320;0,9601;1
012;5;1;364;334;1,1903;1
012;5;1;145;339;1,9013;2
012;5;1;194;349;5,0038;1
012;5;1;170;358;1,4711;1
012;5;1;201;366;5,3871;1
012;5;1;243;365;2,1815;1
012;5;1;267;358;1,6705;1
012;5;1;301;352;1,6705;1
012;5;1;346;352;1,1903;1
012;5;1;154;369;1,2793;1
012;5;1;317;378;1,3626;2
012;5;1;176;391;0,6107;1
012;5;1;193;388;0,0000;1
012;5;1;193;398;3,5744;2
012;5;1;342;385;1,3734;1
012;5;1;399;393;1,2793;1
012;5;1;120;415;4,8121;1
012;5;1;121;405;1,6705;1
012;5;1;130;412;0,7266;1
012;5;1;196;409;6,0858;1
012;5;1;307;403;1,4711;1
012;5;1;316;401;4,7124;1
012;5;1;389;401;1,2793;1
012;5;1;141;431;3,6052;1
012;5;1;258;429;1,8623;1
012;5;1;367;427;1,5708;1
012;5;1;165;456;0,0000;1
012;5;1;173;449;3,4330;1
012;5;1;383;457;1,5708;1
012;5;1;400;449;1,1903;1
012;5;3;217;85;5,9027;1
012;5;3;262;136;5,9027;1
012;5;3;207;144;6,0068;2
012;5;3;278;171;2,8809;2
012;5;3;212;179;2,7258;2
012;5;3;281;184;6,1835;1
012;5;3;185;200;2,6012;1
012;5;3;272;205;3,0419;1
012;5;3;313;192;3,2413;1
012;5;3;223;208;5,9027;1
012;5;3;297;208;0,0000;1
012;5;3;200;227;2,4805;1
012;5;3;283;228;3,1416;1
012;5;3;287;231;0,0997;1
012;5;3;207;240;5,8195;1
012;5;3;249;252;0,1974;1
012;5;3;332;254;3,6052;1
012;5;3;155;281;2,0344;1
012;5;3;325;278;0,4636;1
012;5;3;190;292;5,4978;1
012;5;3;320;319;0,8554;2
012;5;3;249;326;0,0000;1
012;5;3;366;329;0,9601;1
012;5;3;249;344;0,0000;1
012;5;3;255;348;3,1416;1
012;5;3;128;356;1,7682;1
012;5;3;296;363;1,1071;1
012;5;3;133;380;1,8925;2
012;5;3;171;373;4,9098;1
012;5;3;213;375;5,3231;1
012;5;3;247;380;1,2793;1
012;5;3;260;368;1,0304;1
012;5;3;347;368;1,1903;1
012;5;3;102;387;1,7682;1
012;5;3;156;399;1,4711;1
012;5;3;161;398;4,7124;1
012;5;3;180;394;4,9098;1
012;5;3;286;392;1,4289;2
012;5;3;329;392;1,1903;1
012;5;3;142;412;1,2793;1
012;5;3;178;408;5,1760;1
012;5;3;229;409;2,1815;1
012;5;3;250;401;1,5708;1
012;5;3;254;430;2,3229;2
012;5;3;256;427;1,8158;1
012;5;3;304;423;1,4711;1
012;5;3;382;426;1,2793;1
012;5;3;160;434;0,6747;1
012;5;3;300;447;4,6127;1
012;5;3;325;432;1,3734;1
012;5;3;373;437;1,3734;1
012;5;3;110;456;2,1815;1
012;5;3;183;454;0,0000;1
012;5;3;290;448;1,3734;1
012;5;3;117;464;0,8380;1
013;3;1;256;76;6,1835;1
013;3;1;311;64;3,5221;1
013;3;1;258;89;3,0419;1
013;3;1;227;96;5,9917;1
013;3;1;247;122;0,0997;1
013;3;1;196;145;2,3036;1
013;3;1;294;152;3,5221;1
013;3;1;204;165;5,7020;2
013;3;1;227;166;2,7611;1
013;3;1;163;182;5,3871;1
013;3;1;202;206;5,4978;1
013;3;1;373;197;1,1071;1
013;3;1;242;218;6,0858;1
013;3;1;320;210;1,1903;1
013;3;1;217;226;5,6084;1
013;3;1;308;242;1,2793;1
013;3;1;366;247;1,0619;2
013;3;1;225;263;2,0344;1
013;3;1;248;271;0,9601;1
013;3;1;153;273;2,0344;1
013;3;1;228;276;5,0929;1
013;3;1;249;283;1,4711;1
013;3;1;346;275;1,2833;2
013;3;1;368;284;4,6017;1
013;3;1;230;298;1,8623;1
013;3;1;240;294;1,5867;2
013;3;1;268;300;1,5708;1
013;3;1;245;315;1,6900;2
013;3;1;288;319;1,5708;1
013;3;1;327;310;1,1903;1
013;3;1;259;333;4,8121;1
013;3;1;316;322;1,1903;1
013;3;1;259;359;1,8623;1
013;3;1;268;352;4,6846;2
013;3;1;336;381;1,2793;1
013;3;1;265;386;2,0344;1
013;3;1;197;405;5,3871;1
013;3;1;334;430;4,8121;1
013;3;1;352;426;5,8195;1
013;3;1;192;440;5,9027;1
013;3;1;227;435;5,8195;1
013;3;1;268;447;5,6221;1
013;3;1;291;462;2,6345;1
013;3;1;310;463;5,4452;1
013;3;3;333;76;3,4330;1
013;3;3;282;92;6,1835;1
013;3;3;255;110;6,0858;1
013;3;3;282;104;2,9442;1
013;3;3;279;138;0,0000;1
013;3;3;222;151;2,6012;1
013;3;3;234;172;5,6725;1
013;3;3;324;168;3,5221;1
013;3;3;255;178;2,6779;1
013;3;3;229;219;5,4978;1
013;3;3;352;223;1,1903;1
013;3;3;238;239;5,6143;2
013;3;3;269;234;5,7761;1
013;3;3;339;255;1,1071;1
013;3;3;145;275;5,0929;1
013;3;3;266;284;1,8623;1
013;3;3;271;284;1,5708;1
013;3;3;331;282;4,6127;1
013;3;3;179;289;1,9513;1
013;3;3;272;303;1,3734;1
013;3;3;279;294;1,3734;1
013;3;3;377;288;1,4711;1
013;3;3;259;312;1,7682;1
013;3;3;299;306;1,5708;1
013;3;3;277;328;1,5708;1
013;3;3;320;330;1,5708;1
013;3;3;345;333;1,3006;2
013;3;3;361;323;1,3734;1
013;3;3;287;346;4,8039;2
013;3;3;289;367;1,8623;1
013;3;3;295;364;4,8121;1
013;3;3;291;398;2,1112;1
013;3;3;365;392;1,5708;1
013;3;3;222;414;5,4452;1
013;3;3;369;415;1,4711;1
013;3;3;380;408;1,1903;1
013;3;3;252;442;5,8195;1
013;3;3;354;441;5,0929;1
013;3;3;206;456;2,5536;1
013;3;3;215;448;5,9027;1
013;3;3;292;454;5,6084;1
013;4;1;179;28;6,0858;1
013;4;1;242;45;3,2413;1
013;4;1;169;70;2,7611;1
013;4;1;257;86;0,2915;1
013;4;1;270;90;3,5221;1
013;4;1;160;101;5,9027;1
013;4;1;179;100;2,6012;1
013;4;1;208;114;0,0000;1
013;4;1;237;135;0,3805;1
013;4;1;101;157;1,8623;1
013;4;1;194;174;6,1835;1
013;4;1;232;166;0,7854;1
013;4;1;155;188;5,1760;1
013;4;1;202;189;5,9614;1
013;4;1;207;182;3,0419;1
013;4;1;209;191;0,8442;1
013;4;1;191;194;2,1815;1
013;4;1;191;207;2,1815;1
013;4;1;202;202;1,4711;1
013;4;1;208;203;1,1071;1
013;4;1;323;198;1,1903;1
013;4;1;101;214;1,8472;2
013;4;1;131;215;4,9098;1
013;4;1;154;214;5,3734;1
013;4;1;217;223;1,5421;2
013;4;1;270;215;1,1903;1
013;4;1;292;209;1,1903;1
013;4;1;191;234;1,9513;1
013;4;1;127;252;5,0038;1
013;4;1;141;253;5,1760;1
013;4;1;157;255;5,3871;1
013;4;1;247;244;1,2642;2
013;4;1;250;253;4,3906;2
013;4;1;267;248;1,4711;1
013;4;1;165;257;2,2318;1
013;4;1;197;260;1,7682;1
013;4;1;224;263;1,5708;1
013;4;1;300;257;4,7124;1
013;4;1;336;268;0,9601;1
013;4;1;102;286;1,1903;1
013;4;1;139;278;5,0929;1
013;4;1;154;287;5,2528;1
013;4;1;257;279;1,7682;1
013;4;1;111;293;4,4209;1
013;4;1;128;289;5,0929;1
013;4;1;143;303;5,6221;1
013;4;1;269;299;1,6705;1
013;4;1;292;292;1,4711;1
013;4;1;130;322;0,0000;1
013;4;1;154;327;2,8501;1
013;4;1;300;321;1,2793;1
013;4;1;312;342;1,4711;1
013;4;1;336;351;4,1720;1
013;4;1;264;361;5,0929;1
013;4;1;305;362;1,6491;2
013;4;1;318;367;4,4209;1
013;4;1;249;376;5,1760;1
013;4;1;303;380;2,6012;1
013;4;1;259;399;5,8195;1
013;4;1;206;417;6,0098;2
013;4;1;229;416;5,9621;2
013;4;1;213;442;0,0000;1
013;4;3;240;63;0,0997;1
013;4;3;296;78;3,3390;1
013;4;3;222;97;2,6012;1
013;4;3;145;116;2,2455;1
013;4;3;304;116;0,5071;1
013;4;3;208;135;5,8195;1
013;4;3;228;134;2,6779;1
013;4;3;254;152;6,0858;1
013;4;3;289;169;0,5404;1
013;4;3;149;191;1,9513;1
013;4;3;282;204;0,6747;1
013;4;3;242;211;0,0997;1
013;4;3;204;230;5,1549;2
013;4;3;255;228;2,6779;1
013;4;3;267;226;0,7328;1
013;4;3;147;251;1,4711;1
013;4;3;175;254;5,0038;1
013;4;3;201;254;5,2528;1
013;4;3;238;248;2,3036;1
013;4;3;244;253;1,3734;1
013;4;3;322;250;1,0304;1
013;4;3;345;242;1,1071;1
013;4;3;239;256;2,0344;1
013;4;3;239;270;1,9513;1
013;4;3;269;258;1,2793;1
013;4;3;183;284;4,9098;1
013;4;3;300;287;4,7124;1
013;4;3;304;275;1,4711;1
013;4;3;319;281;1,1903;1
013;4;3;174;289;4,8121;1
013;4;3;204;290;5,4978;1
013;4;3;212;292;2,2318;1
013;4;3;247;295;1,9513;1
013;4;3;273;294;1,3171;2
013;4;3;356;289;4,5150;1
013;4;3;148;319;1,2793;1
013;4;3;177;311;1,7594;2
013;4;3;184;312;5,2528;1
013;4;3;201;319;5,3871;1
013;4;3;314;312;1,7127;2
013;4;3;128;334;1,2793;1
013;4;3;156;328;4,4209;1
013;4;3;323;332;1,6705;1
013;4;3;347;326;1,4711;1
013;4;3;147;366;3,9270;1
013;4;3;177;357;5,9917;1
013;4;3;198;359;2,8501;1
013;4;3;274;360;5,1798;2
013;4;3;352;354;1,3734;1
013;4;3;316;392;5,0929;1
013;4;3;170;400;3,1416;1
013;4;3;298;405;5,3871;1
013;4;3;199;419;6,1835;1
013;4;3;304;431;5,9027;1
013;4;3;336;421;5,7428;1
013;4;3;254;437;5,9917;1
013;4;3;278;446;0,0000;1
013;4;3;213;459;6,0858;1
013;4;3;316;454;0,0997;1
013;5;1;208;113;5,9917;1
013;5;1;341;164;0,5404;1
013;5;1;240;188;6,0858;1
013;5;1;336;207;0,7328;1
013;5;1;127;225;1,8623;1
013;5;1;195;233;2,1112;1
013;5;1;250;230;0,0000;1
013;5;1;348;237;0,8961;1
013;5;1;154;249;5,1760;1
013;5;1;190;251;5,4452;1
013;5;1;315;242;1,0304;1
013;5;1;85;260;1,6705;1
013;5;1;259;271;0,3805;1
013;5;1;329;266;4,2487;1
013;5;1;205;277;5,2528;1
013;5;1;230;273;5,9621;2
013;5;1;87;303;4,8121;1
013;5;1;103;299;1,6705;1
013;5;1;226;299;5,3734;1
013;5;1;239;288;2,4469;1
013;5;1;239;299;2,2896;1
013;5;1;244;297;1,5708;1
013;5;1;363;292;1,3734;1
013;5;1;235;312;2,0344;1
013;5;1;297;317;1,4711;1
013;5;1;343;305;1,4711;1
013;5;1;357;310;1,4711;1
013;5;1;367;313;4,5150;1
013;5;1;145;323;4,7124;1
013;5;1;285;322;1,5708;1
013;5;1;309;321;1,4711;1
013;5;1;173;351;4,9098;1
013;5;1;223;343;2,1112;1
013;5;1;116;367;4,7124;1
013;5;1;207;352;5,4390;1
013;5;1;334;354;1,7682;1
013;5;1;177;373;4,3819;2
013;5;1;185;369;4,9098;1
013;5;1;192;379;5,6084;1
013;5;1;293;372;4,9273;2
013;5;1;343;372;4,9098;1
013;5;1;83;399;4,1720;1
013;5;1;143;391;4,3319;1
013;5;1;170;390;3,6052;1
013;5;1;188;384;5,6776;2
013;5;1;200;385;5,7564;2
013;5;1;206;392;2,8501;1
013;5;1;133;407;3,7523;1
013;5;1;254;411;2,1112;1
013;5;1;361;414;5,0929;1
013;5;1;139;421;0,3805;1
013;5;1;347;420;5,3004;1
013;5;1;356;416;1,9513;1
013;5;1;123;435;3,6820;1
013;5;1;150;435;3,6820;1
013;5;1;264;443;5,5341;2
013;5;1;238;459;5,9027;1
013;5;3;281;110;5,9917;1
013;5;3;285;115;2,8501;1
013;5;3;212;133;5,9027;1
013;5;3;212;152;5,9027;1
013;5;3;236;158;5,8195;1
013;5;3;284;148;6,1835;1
013;5;3;117;177;2,1815;1
013;5;3;107;246;2,0344;1
013;5;3;244;242;5,7574;2
013;5;3;254;255;2,4088;1
013;5;3;161;263;1,7682;1
013;5;3;234;265;2,2455;1
013;5;3;240;257;5,7428;1
013;5;3;288;262;0,0000;1
013;5;3;191;281;5,0929;1
013;5;3;225;277;5,3231;1
013;5;3;356;275;0,8961;1
013;5;3;126;299;1,6705;1
013;5;3;245;302;5,3231;1
013;5;3;69;317;1,8623;1
013;5;3;225;309;5,1812;2
013;5;3;288;318;0,9273;1
013;5;3;299;304;0,6747;1
013;5;3;144;335;1,5708;1
013;5;3;271;321;5,8195;1
013;5;3;281;322;2,2974;1
013;5;3;287;331;1,6705;1
013;5;3;130;337;4,7124;1
013;5;3;187;350;4,7124;1
013;5;3;278;336;2,0344;1
013;5;3;327;350;1,8026;2
013;5;3;338;349;1,3734;1
013;5;3;96;358;1,4711;1
013;5;3;270;363;2,1112;1
013;5;3;351;354;1,4711;1
013;5;3;218;376;4,8121;1
013;5;3;254;373;5,3871;1
013;5;3;321;376;5,0113;2
013;5;3;89;391;4,6127;1
013;5;3;95;387;1,1903;1
013;5;3;163;398;1,0261;2
013;5;3;220;397;4,3319;1
013;5;3;232;392;4,8121;1
013;5;3;235;399;5,0929;1
013;5;3;243;399;5,3871;1
013;5;3;254;395;5,6221;1
013;5;3;116;415;4,3319;1
013;5;3;192;412;4,1017;1
013;5;3;214;413;3,9270;1
013;5;3;335;402;4,9826;2
013;5;3;137;431;4,1017;1
013;5;3;100;432;3,7296;1
013;5;3;183;432;3,6820;1
013;5;3;186;441;0,6747;1
013;5;3;297;440;2,3036;1
017;3;1;259;73;6,1835;1
017;3;1;191;95;5,7428;1
017;3;1;254;124;2,8501;1
017;3;1;271;115;0,0000;1
017;3;1;287;116;3,2413;1
017;3;1;195;128;5,9027;1
017;3;1;165;159;2,5309;1
017;3;1;211;144;5,9027;1
017;3;1;164;199;5,5504;1
017;3;1;167;206;2,2861;2
017;3;1;190;207;5,9917;1
017;3;1;367;198;4,1720;1
017;3;1;267;220;0,3927;2
017;3;1;333;208;0,8961;1
017;3;1;235;256;0,1974;1
017;3;1;289;265;1,0304;1
017;3;1;307;259;1,4711;1
017;3;1;192;281;5,6725;1
017;3;1;271;276;1,0304;1
017;3;1;297;279;4,2487;1
017;3;1;156;289;5,2528;1
017;3;1;226;291;0,7328;1
017;3;1;305;288;1,5057;2
017;3;1;320;294;1,2793;1
017;3;1;114;316;5,5678;2
017;3;1;242;313;4,4209;1
017;3;1;195;353;2,1815;1
017;3;1;204;365;1,8623;1
017;3;1;210;353;1,5708;1
017;3;1;176;376;2,0344;1
017;3;1;212;392;1,6705;1
017;3;1;303;389;1,2793;1
017;3;1;167;404;5,3231;1
017;3;1;231;404;2,0534;2
017;3;1;129;425;2,2318;1
017;3;1;262;418;1,6121;2
017;3;1;188;454;5,3231;1
017;3;3;235;44;6,0858;1
017;3;3;307;60;3,6052;1
017;3;3;166;72;5,6725;1
017;3;3;347;66;3,7523;1
017;3;3;236;91;2,7489;2
017;3;3;247;81;6,2261;2
017;3;3;267;84;3,1416;1
017;3;3;320;96;3,4923;2
017;3;3;368;98;4,0376;1
017;3;3;194;125;5,9917;1
017;3;3;145;138;2,4088;1
017;3;3;319;175;0,7328;1
017;3;3;173;188;5,4452;1
017;3;3;208;204;2,4158;2
017;3;3;262;193;0,3805;1
017;3;3;285;204;3,6052;1
017;3;3;290;221;3,8744;1
017;3;3;295;216;1,1903;1
017;3;3;260;239;0,8191;2
017;3;3;279;239;4,5150;1
017;3;3;301;228;4,2487;1
017;3;3;304;233;1,1071;1
017;3;3;192;254;5,5731;2
017;3;3;286;246;1,1071;1
017;3;3;297;255;1,1071;1
017;3;3;319;247;4,2487;1
017;3;3;324;254;1,2793;1
017;3;3;226;265;0,4636;1
017;3;3;315;264;1,3734;1
017;3;3;149;277;5,4978;1
017;3;3;244;283;4,3319;1
017;3;3;219;311;1,8623;1
017;3;3;224;312;1,1903;1
017;3;3;240;311;1,4711;1
017;3;3;207;330;2,1588;1
017;3;3;223;323;1,5708;1
017;3;3;216;336;1,5708;1
017;3;3;311;350;1,4562;2
017;3;3;191;354;1,8623;1
017;3;3;228;357;1,5150;2
017;3;3;187;380;5,2528;1
017;3;3;245;375;1,7682;1
017;3;3;280;379;4,7124;1
017;3;3;212;394;1,5708;1
017;3;3;278;384;1,7682;1
017;3;3;287;389;1,6900;2
017;3;3;215;429;5,1760;1
017;4;1;249;69;5,9917;1
017;4;1;254;64;3,0419;1
017;4;1;224;88;0,0000;1
017;4;1;190;109;5,8195;1
017;4;1;257;97;3,0740;2
017;4;1;227;124;5,9917;1
017;4;1;286;131;0,1974;1
017;4;1;222;149;5,9917;1
017;4;1;299;144;3,4330;1
017;4;1;166;170;2,6012;1
017;4;1;275;165;3,3390;1
017;4;1;328;207;0,3805;1
017;4;1;246;234;0,0997;1
017;4;1;256;227;6,2782;2
017;4;1;142;250;2,1112;1
017;4;1;303;242;0,7153;2
017;4;1;155;267;2,0344;1
017;4;1;217;259;5,9238;2
017;4;1;272;266;0,7517;2
017;4;1;284;263;3,8744;1
017;4;1;326;268;0,8380;1
017;4;1;223;292;2,9442;1
017;4;1;230;289;0,7328;1
017;4;1;138;306;1,7957;2
017;4;1;207;314;2,2318;1
017;4;1;297;309;1,2654;2
017;4;1;193;333;5,2528;1
017;4;1;205;329;2,3562;1
017;4;1;251;324;1,2793;1
017;4;1;175;341;4,9098;1
017;4;1;299;351;1,5708;1
017;4;1;175;365;5,1924;2
017;4;1;191;361;5,4452;1
017;4;1;207;354;2,1815;1
017;4;1;239;359;1,6705;1
017;4;1;145;375;1,2793;1
017;4;1;166;383;5,3231;1
017;4;1;316;379;1,5708;1
017;4;1;158;388;4,3319;1
017;4;1;160;393;0,0000;1
017;4;1;247;394;1,7388;2
017;4;1;264;392;1,5708;1
017;4;1;202;411;2,4669;1
017;4;1;282;415;1,7790;2
017;4;1;295;421;1,3734;1
017;4;1;297;431;4,5150;1
017;4;1;183;442;2,6779;1
017;4;1;219;461;2,2455;1
017;4;1;285;464;5,0038;1
017;4;3;211;33;6,1835;1
017;4;3;209;60;3,0419;1
017;4;3;185;92;5,9027;1
017;4;3;256;108;3,4330;1
017;4;3;181;118;5,9917;1
017;4;3;237;130;3,2413;1
017;4;3;287;171;0,7854;1
017;4;3;301;170;3,3390;1
017;4;3;304;174;0,7854;1
017;4;3;184;181;2,6779;1
017;4;3;211;184;0,1419;2
017;4;3;218;202;0,0997;1
017;4;3;269;206;0,5757;2
017;4;3;191;232;6,0858;1
017;4;3;239;234;3,3390;1
017;4;3;245;232;0,6454;2
017;4;3;255;227;3,7523;1
017;4;3;290;231;0,7854;2
017;4;3;324;239;0,8944;2
017;4;3;330;236;4,1720;1
017;4;3;241;240;0,8961;1
017;4;3;144;262;5,1760;1
017;4;3;172;264;1,5708;2
017;4;3;218;256;0,7328;1
017;4;3;172;272;5,1673;2
017;4;3;201;284;1,6705;1
017;4;3;271;275;1,2793;1
017;4;3;317;285;1,1071;1
017;4;3;189;303;2,1112;1
017;4;3;234;292;1,2793;1
017;4;3;159;319;4,9098;1
017;4;3;177;310;5,0929;1
017;4;3;279;316;1,4711;1
017;4;3;160;335;5,0929;1
017;4;3;193;332;2,1112;1
017;4;3;226;332;1,6705;1
017;4;3;176;340;5,4978;1
017;4;3;298;340;1,3459;2
017;4;3;204;354;2,1588;2
017;4;3;235;366;1,7682;1
017;4;3;251;365;1,5708;1
017;4;3;328;367;1,1215;2
017;4;3;200;388;2,2604;2
017;4;3;266;387;1,4863;2
017;4;3;299;390;1,2793;1
017;4;3;179;420;2,5309;1
017;4;3;301;422;1,3734;1
017;4;3;318;422;1,2201;2
017;4;3;214;437;2,1112;1
017;5;1;387;52;6,0858;1
017;5;1;403;93;5,9917;1
017;5;1;294;105;5,9621;2
017;5;1;318;143;5,9917;1
017;5;1;245;163;6,1835;1
017;5;1;344;164;5,9027;1
017;5;1;332;176;3,1416;1
017;5;1;395;188;2,9442;1
017;5;1;414;179;0,0000;1
017;5;1;369;198;0,0000;1
017;5;1;292;220;5,9027;1
017;5;1;347;211;0,0000;1
017;5;1;407;219;3,1416;1
017;5;1;443;225;3,4330;1
017;5;1;393;254;0,1974;1
017;5;1;268;257;2,6779;1
017;5;1;356;265;0,2915;1
017;5;1;179;276;5,8195;1
017;5;1;309;276;0,1974;1
017;5;1;408;272;3,5221;1
017;5;1;416;285;0,4636;1
017;5;1;166;295;2,6012;1
017;5;1;401;295;3,4330;1
017;5;1;442;294;3,6242;2
017;5;1;450;288;0,6747;1
017;5;1;172;319;2,3562;1
017;5;1;195;317;2,4088;1
017;5;1;399;304;0,1146;2
017;5;1;439;308;0,6107;1
017;5;1;183;327;5,6084;1
017;5;1;306;327;5,9917;1
017;5;1;218;351;5,6084;1
017;5;1;318;347;2,7783;2
017;5;1;309;360;6,0858;1
017;5;1;128;377;1,7682;1
017;5;1;213;379;5,4452;1
017;5;1;222;369;2,3036;1
017;5;1;314;377;6,0232;2
017;5;1;148;399;5,1760;1
017;5;1;330;385;6,0858;1
017;5;1;402;399;1,0156;2
017;5;1;409;386;4,1720;1
017;5;1;417;387;1,0304;1
017;5;1;215;400;5,5315;2
017;5;1;224;405;5,4978;1
017;5;1;391;401;4,4209;1
017;5;1;394;411;1,2713;2
017;5;1;213;419;2,6012;1
017;5;1;230;420;5,6378;2
017;5;1;310;424;6,1461;2
017;5;1;321;431;3,2257;2
017;5;1;367;428;4,2487;1
017;5;1;193;445;5,7311;2
017;5;1;245;440;2,5309;1
017;5;1;273;434;5,8195;1
017;5;1;299;434;2,4669;1
017;5;1;332;437;0,8380;1
017;5;1;332;447;3,5221;1
017;5;1;402;439;1,5985;2
017;5;1;427;444;1,1903;1
017;5;1;144;461;6,1413;2
017;5;1;161;453;2,7611;1
017;5;1;293;454;5,5329;2
017;5;1;335;464;3,9270;1
017;5;3;234;65;5,9027;1
017;5;3;269;81;5,9027;1
017;5;3;339;95;0,0997;1
017;5;3;235;97;5,9527;2
017;5;3;256;97;3,1416;1
017;5;3;321;101;2,9867;2
017;5;3;296;115;6,1835;1
017;5;3;275;131;6,1835;1
017;5;3;341;138;3,3390;1
017;5;3;368;139;3,3390;1
017;5;3;223;151;6,0858;1
017;5;3;246;174;2,9442;1
017;5;3;327;172;0,0997;1
017;5;3;204;183;2,5309;1
017;5;3;341;190;3,5221;1
017;5;3;354;204;0,3805;1
017;5;3;375;206;3,0609;2
017;5;3;247;208;6,0130;2
017;5;3;339;213;3,3390;1
017;5;3;345;219;0,1974;1
017;5;3;387;211;0,3805;1
017;5;3;379;226;0,6747;1
017;5;3;131;253;2,1112;1
017;5;3;246;248;6,1835;1
017;5;3;397;240;3,8163;1
017;5;3;170;266;1,9513;1
017;5;3;174;262;5,5504;1
017;5;3;257;266;2,8501;1
017;5;3;338;270;0,6558;2
017;5;3;391;270;0,7544;2
017;5;3;159;284;5,3871;1
017;5;3;254;278;6,0858;1
017;5;3;260;291;5,9917;1
017;5;3;279;300;6,1835;1
017;5;3;359;298;3,7523;1
017;5;3;354;315;0,9149;2
017;5;3;165;329;5,2214;2
017;5;3;173;334;5,2528;1
017;5;3;166;348;2,2551;2
017;5;3;186;344;5,5504;1
017;5;3;195;345;2,3036;1
017;5;3;227;351;2,5536;1
017;5;3;255;345;2,3562;1
017;5;3;260;338;6,1835;1
017;5;3;287;342;3,1416;1
017;5;3;310;338;0,9601;1
017;5;3;338;344;1,2793;1
017;5;3;199;361;2,3562;1
017;5;3;344;367;4,5150;1
017;5;3;146;376;5,4390;1
017;5;3;281;372;1,8925;1
017;5;3;287;375;1,5708;1
017;5;3;405;370;1,2793;1
017;5;3;121;393;2,6779;1
017;5;3;187;387;2,0344;1
017;5;3;211;385;1,9513;1
017;5;3;273;397;1,9466;2
017;5;3;323;392;4,8121;1
017;5;3;367;386;1,4711;1
017;5;3;405;399;4,6127;1
017;5;3;195;403;5,1760;1
017;5;3;195;429;2,2455;1
017;5;3;128;437;5,9027;1
017;5;3;193;438;5,4978;1
017;5;3;234;439;5,4978;1
017;5;3;402;447;1,6553;2
017;5;3;231;463;5,4978;1
022;3;1;176;92;5,9917;1
022;3;1;253;85;6,1835;1
022;3;1;288;81;0,4636;1
022;3;1;274;107;3,4330;1
022;3;1;174;131;5,9917;1
022;3;1;226;132;3,0419;1
022;3;1;155;151;6,0858;1
022;3;1;173;154;2,8501;1
022;3;1;200;150;6,1835;1
022;3;1;245;158;3,0419;1
022;3;1;314;175;3,7548;2
022;3;1;168;176;5,9027;1
022;3;1;215;202;6,0858;1
022;3;1;192;219;2,6012;1
022;3;1;359;216;0,7854;1
022;3;1;239;234;2,9229;1
022;3;1;248;236;0,5404;1
022;3;1;251;232;3,3390;1
022;3;1;308;224;0,8380;1
022;3;1;221;251;6,0858;1
022;3;1;223;245;2,7611;1
022;3;1;242;245;0,2915;1
022;3;1;288;255;3,9270;1
022;3;1;164;261;2,4088;1
022;3;1;175;265;5,7428;1
022;3;1;233;271;3,0419;1
022;3;1;256;266;3,6052;1
022;3;1;277;258;0,9601;1
022;3;1;307;263;0,8961;1
022;3;1;149;274;5,6084;1
022;3;1;339;280;4,2487;1
022;3;1;188;297;5,6608;2
022;3;1;224;296;0,2915;1
022;3;1;234;306;3,3390;1
022;3;1;325;315;4,1720;1
022;3;1;158;335;5,3231;1
022;3;1;270;320;4,1720;1
022;3;1;355;328;0,8380;1
022;3;1;268;361;4,1720;1
022;3;1;285;361;0,8961;1
022;3;1;299;355;0,8961;1
022;3;1;224;375;0,0997;1
022;3;1;210;396;5,6084;1
022;3;1;239;384;3,0419;1
022;3;1;239;398;0,4636;1
022;3;1;247;396;3,4330;1
022;3;1;334;393;3,8163;1
022;3;1;172;412;5,2528;1
022;3;1;204;410;5,0038;1
022;3;1;207;400;1,8623;1
022;3;1;224;407;0,0000;1
022;3;1;248;411;3,5221;1
022;3;1;293;413;3,7523;1
022;3;1;211;446;6,1835;1
022;3;1;225;433;2,8501;1
022;3;1;250;432;3,2413;1
022;3;1;210;454;2,7611;1
022;3;1;201;464;5,9917;1
022;3;1;314;464;3,8682;1
022;3;3;251;47;5,9917;1
022;3;3;312;36;3,0419;1
022;3;3;283;54;6,0858;1
022;3;3;340;57;3,0419;1
022;3;3;257;81;5,8195;1
022;3;3;312;94;6,1835;1
022;3;3;283;107;2,4369;2
022;3;3;348;118;3,5221;1
022;3;3;401;125;0,9601;1
022;3;3;336;133;0,5404;1
022;3;3;259;152;2,1112;1
022;3;3;268;158;5,4978;1
022;3;3;350;154;3,6937;2
022;3;3;368;152;1,0304;1
022;3;3;378;148;4,0376;1
022;3;3;246;172;5,3231;1
022;3;3;319;161;2,9442;1
022;3;3;395;173;1,0304;1
022;3;3;279;185;5,4452;1
022;3;3;309;188;0,0000;1
022;3;3;319;203;3,0419;1
022;3;3;319;222;2,9442;1
022;3;3;361;214;4,2411;2
022;3;3;403;220;4,7124;1
022;3;3;303;228;6,1194;2
022;3;3;354;234;4,7124;1
022;3;3;247;243;1,9513;1
022;3;3;357;242;0,9601;1
022;3;3;331;258;4,1017;1
022;3;3;348;261;4,6127;1
022;3;3;358;263;1,1615;2
022;3;3;364;257;4,5150;1
022;3;3;300;276;6,0858;1
022;3;3;319;277;3,4330;1
022;3;3;371;272;1,1903;1
022;3;3;310;288;0,3322;2
022;3;3;293;319;5,8195;1
022;3;3;249;326;5,0929;1
022;3;3;279;320;5,3007;2
022;3;3;317;320;3,6052;1
022;3;3;319;342;3,4330;1
022;3;3;351;336;4,1017;1
022;3;3;272;367;5,9027;1
022;3;3;315;362;3,4330;1
022;3;3;311;368;0,1974;1
022;4;1;306;60;0,1974;1
022;4;1;208;92;5,9027;1
022;4;1;196;123;5,9917;1
022;4;1;242;123;2,9442;1
022;4;1;214;132;5,9027;1
022;4;1;244;169;6,1835;1
022;4;1;321;170;0,3805;1
022;4;1;178;178;5,7428;1
022;4;1;227;183;2,8501;1
022;4;1;365;193;3,6052;1
022;4;1;242;210;2,8501;1
022;4;1;300;212;3,2413;1
022;4;1;310;209;0,3805;1
022;4;1;164;232;2,1112;1
022;4;1;259;236;6,0858;1
022;4;1;165;247;5,0929;1
022;4;1;287;255;3,4330;1
022;4;1;293;245;0,7266;1
022;4;1;319;254;0,6747;1
022;4;1;205;270;5,2528;1
022;4;1;331;267;4,1017;1
022;4;1;357;266;1,1071;1
022;4;1;361;258;4,5150;1
022;4;1;287;272;3,5221;1
022;4;1;183;294;2,0088;2
022;4;1;260;288;6,1835;1
022;4;1;368;298;4,1533;2
022;4;1;262;309;1,6705;1
022;4;1;229;326;1,7751;2
022;4;1;239;335;4,9098;1
022;4;1;153;355;5,3871;1
022;4;1;228;375;1,6705;1
022;4;1;331;368;4,2487;1
022;4;1;368;383;4,3319;1
022;4;1;181;392;5,4452;1
022;4;1;218;388;5,1760;1
022;4;1;267;415;4,1017;1
022;4;1;308;409;3,6820;1
022;4;1;257;424;3,6820;1
022;4;1;335;427;3,7523;1
022;4;1;204;445;5,9917;1
022;4;1;231;443;3,2413;1
022;4;1;249;435;0,6747;1
022;4;1;304;454;3,6052;1
022;4;3;233;91;5,8195;1
022;4;3;266;119;2,6345;1
022;4;3;184;143;5,8650;1
022;4;3;238;131;5,9917;1
022;4;3;270;165;6,0858;1
022;4;3;346;163;0,1974;1
022;4;3;202;178;5,9917;1
022;4;3;253;179;2,6779;1
022;4;3;271;203;2,6779;1
022;4;3;329;204;3,2413;1
022;4;3;338;202;0,2915;1
022;4;3;194;227;2,1815;1
022;4;3;289;230;0,0413;2
022;4;3;323;237;0,6747;1
022;4;3;193;243;5,0929;1
022;4;3;321;244;3,4721;2
022;4;3;352;246;0,6107;1
022;4;3;236;268;5,3231;1
022;4;3;321;264;3,5221;1
022;4;3;367;260;3,7585;2
022;4;3;215;289;1,7682;1
022;4;3;294;289;2,2455;1
022;4;3;316;293;3,8036;2
022;4;3;308;308;1,0304;1
022;4;3;268;322;1,8623;1
022;4;3;272;332;1,8623;1
022;4;3;276;328;4,8121;1
022;4;3;281;332;1,7790;2
022;4;3;183;337;5,4978;1
022;4;3;311;343;1,0304;1
022;4;3;260;363;2,1588;1
022;4;3;323;354;4,2487;1
022;4;3;345;364;4,0376;1
022;4;3;368;352;4,4209;1
022;4;3;208;374;5,8195;1
022;4;3;250;374;5,4312;1
022;4;3;271;369;2,6345;1
022;4;3;345;376;3,6052;1
022;4;3;222;398;5,8745;2
022;4;3;259;384;6,1835;1
022;4;3;304;393;3,7523;1
022;4;3;343;390;3,6820;1
022;4;3;172;415;5,9027;1
022;4;3;278;413;0,6107;1
022;4;3;294;405;3,5221;1
022;4;3;245;418;0,1974;1
022;4;3;264;422;3,3390;1
022;4;3;331;432;3,6052;1
022;5;1;188;56;5,8195;1
022;5;1;179;70;2,4669;1
022;5;1;246;70;6,0858;1
022;5;1;289;70;0,0997;1
022;5;1;300;71;3,1416;1
022;5;1;163;90;5,9027;1
022;5;1;177;84;2,6779;1
022;5;1;260;91;0,0000;1
022;5;1;279;84;3,1416;1
022;5;1;288;86;0,0997;1
022;5;1;228;96;0,0997;1
022;5;1;209;128;6,1835;1
022;5;1;211;157;0,0000;1
022;5;1;346;147;3,5533;2
022;5;1;265;170;0,4636;1
022;5;1;326;161;0,3805;1
022;5;1;284;178;3,4330;1
022;5;1;85;198;6,1835;1
022;5;1;119;201;2,9442;1
022;5;1;164;204;6,1835;1
022;5;1;204;202;3,1416;1
022;5;1;175;215;0,0000;1
022;5;1;222;219;3,3390;1
022;5;1;293;220;0,6107;1
022;5;1;195;236;3,2413;1
022;5;1;326;226;0,6107;1
022;5;1;68;243;2,6779;1
022;5;1;90;246;6,1835;1
022;5;1;197;247;0,1974;1
022;5;1;287;249;0,4636;1
022;5;1;332;245;3,6052;1
022;5;1;119;265;2,9442;1
022;5;1;158;259;3,0419;1
022;5;1;216;271;0,4636;1
022;5;1;228;269;3,3390;1
022;5;1;128;275;5,9027;1
022;5;1;175;277;0,0000;1
022;5;1;214;276;3,4330;1
022;5;1;286;276;0,7328;1
022;5;1;292;286;3,6820;1
022;5;1;131;290;2,6257;2
022;5;1;338;303;0,5404;1
022;5;1;342;288;3,8163;1
022;5;1;100;333;5,6725;1
022;5;1;238;322;0,5404;1
022;5;1;137;349;2,6012;1
022;5;1;247;341;3,6052;1
022;5;1;65;367;5,5504;1
022;5;1;87;355;2,1815;1
022;5;1;226;366;0,5404;1
022;5;1;90;377;5,3871;1
022;5;1;143;374;5,9027;1
022;5;1;142;396;5,5565;1
022;5;1;160;384;2,6779;1
022;5;1;209;398;0,6747;1
022;5;1;255;393;3,7585;2
022;5;1;129;410;2,6012;1
022;5;1;143;413;5,6221;1
022;5;1;259;404;0,9601;1
022;5;1;164;431;6,0858;1
022;5;1;234;427;3,7523;1
022;5;1;283;416;4,3319;1
022;5;1;144;433;5,9027;1
022;5;1;159;439;2,6012;1
022;5;1;160;445;5,9917;1
022;5;1;159;461;2,5309;1
022;5;1;162;451;2,7611;1
022;5;1;163;456;6,0858;1
022;5;1;210;448;1,0304;1
022;5;1;267;451;4,1017;1
022;5;3;206;60;5,7428;1
022;5;3;177;66;5,3871;1
022;5;3;231;82;6,1835;1
022;5;3;379;86;0,0000;1
022;5;3;172;123;5,7020;2
022;5;3;291;126;2,8501;1
022;5;3;254;133;5,9027;1
022;5;3;335;129;0,0000;1
022;5;3;347;142;0,0000;1
022;5;3;376;132;3,3390;1
022;5;3;208;147;2,6012;1
022;5;3;395;149;3,3390;1
022;5;3;265;171;6,0858;1
022;5;3;365;163;3,2413;1
022;5;3;139;185;5,3871;1
022;5;3;240;177;2,6012;1
022;5;3;290;186;2,8501;1
022;5;3;332;182;3,0419;1
022;5;3;370;177;0,1974;1
022;5;3;303;193;6,1835;1
022;5;3;348;203;0,0997;1
022;5;3;403;202;3,4330;1
022;5;3;301;208;2,8501;1
022;5;3;130;226;2,0344;1
022;5;3;156;235;5,2528;1
022;5;3;230;230;5,4384;2
022;5;3;134;244;2,0344;1
022;5;3;282;250;5,9917;1
022;5;3;124;265;5,1760;1
022;5;3;218;257;2,0344;1
022;5;3;303;270;2,6012;1
022;5;3;419;268;0,9601;1
022;5;3;262;276;1,8623;1
022;5;3;421;278;3,6820;1
022;5;3;213;300;5,0929;1
022;5;3;270;291;5,3231;1
022;5;3;313;294;5,9917;1
022;5;3;399;302;0,6107;1
022;5;3;247;305;5,3004;1
022;5;3;313;314;5,6952;1
022;5;3;333;306;2,9442;1
022;5;3;188;323;5,1760;1
022;5;3;296;332;2,1112;1
022;5;3;323;324;6,0858;1
022;5;3;379;333;0,6747;1
022;5;3;320;350;5,9917;1
022;5;3;423;339;4,2487;1
022;5;3;143;361;5,3871;1
022;5;3;319;356;2,3562;1
022;5;3;398;365;4,1720;1
022;5;3;432;352;1,0304;1
022;5;3;227;369;5,3231;1
022;5;3;254;377;5,2528;1
022;5;3;286;372;2,1112;1
022;5;3;311;398;5,5504;1
022;5;3;345;393;1,4711;1
022;5;3;350;384;1,2793;1
022;5;3;183;408;5,8195;1
022;5;3;329;410;2,1112;1
022;5;3;336;403;1,7682;1
022;5;3;152;424;5,9027;1
022;5;3;351;418;1,9513;1
022;5;3;368;427;1,3734;1
022;5;3;375;427;4,6127;1
022;5;3;379;420;1,3734;1
022;5;3;241;436;6,0141;2
022;5;3;319;444;5,4312;1
022;5;3;334;435;2,2318;1
022;5;3;357;438;5,3231;1
022;5;3;360;445;2,1815;1
022;5;3;380;447;4,7124;1
022;5;3;392;437;1,1903;1
022;5;3;192;452;6,0858;1
022;5;3;322;459;1,5708;1
022;5;3;329;458;5,3231;1
022;5;3;339;454;1,9513;1
022;5;3;344;454;5,3734;1
027;3;1;137;75;2,7611;1
027;3;1;230;68;0,1847;2
027;3;1;293;91;0,0000;1
027;3;1;298;83;3,4330;1
027;3;1;310;83;3,8026;1
027;3;1;311;128;1,0304;1
027;3;1;341;133;4,2487;1
027;3;1;126;148;6,1835;1
027;3;1;196;145;3,2413;1
027;3;1;253;172;3,5221;1
027;3;1;340;201;4,0376;1
027;3;1;96;218;5,5731;2
027;3;1;138;219;2,4150;1
027;3;1;185;216;0,2915;1
027;3;1;249;209;0,8865;2
027;3;1;236;226;0,8865;2
027;3;1;254;230;3,9796;1
027;3;1;248;249;4,1720;1
027;3;1;146;271;5,5341;2
027;3;1;275;256;4,1720;1
027;3;1;287;263;1,2793;1
027;3;1;302;263;0,8380;1
027;3;1;127;287;5,2315;1
027;3;1;170;273;2,5284;2
027;3;1;301;285;1,1071;1
027;3;1;368;287;4,4209;1
027;3;1;122;290;2,0344;1
027;3;1;97;318;5,1760;1
027;3;1;169;310;2,1112;1
027;3;1;327;318;4,2487;1
027;3;1;168;333;1,7682;1
027;3;1;208;325;1,2793;1
027;3;1;182;338;1,3734;1
027;3;1;266;346;4,1017;1
027;3;1;166;361;1,5708;1
027;3;1;170;378;1,8623;1
027;3;1;295;385;4,0513;1
027;3;1;293;405;3,7523;1
027;3;1;335;400;4,1017;1
027;3;1;128;429;5,8195;1
027;3;1;221;417;3,8230;2
027;3;1;154;432;5,8195;1
027;3;1;189;447;6,0858;1
027;3;1;207;442;2,7611;1
027;3;1;214;434;3,0419;1
027;3;1;215;439;6,0858;1
027;3;1;251;436;3,5221;1
027;3;1;294;436;3,6820;1
027;3;1;181;463;5,9917;1
027;3;1;287;448;3,5221;1
027;3;3;261;68;6,1835;1
027;3;3;166;87;2,6012;1
027;3;3;229;157;3,1416;1
027;3;3;109;166;5,7428;1
027;3;3;163;163;5,9027;1
027;3;3;290;174;3,4330;1
027;3;3;64;178;5,3871;1
027;3;3;71;179;2,1815;1
027;3;3;103;207;2,2455;1
027;3;3;287;216;0,7854;1
027;3;3;127;234;5,6791;2
027;3;3;175;233;2,5309;1
027;3;3;219;227;0,2915;1
027;3;3;268;232;0,6747;1
027;3;3;292;230;3,8744;1
027;3;3;287;249;3,9270;1
027;3;3;327;256;1,1071;1
027;3;3;333;278;1,3734;1
027;3;3;198;291;2,6779;1
027;3;3;184;310;5,6725;1
027;3;3;122;331;5,1760;1
027;3;3;234;325;1,2793;1
027;3;3;191;336;1,9513;1
027;3;3;289;341;4,3319;1
027;3;3;188;364;1,9513;1
027;3;3;316;383;4,2487;1
027;3;3;249;429;3,3390;1
027;4;1;258;81;0,2157;2
027;4;1;145;103;3,0419;1
027;4;1;195;137;3,0419;1
027;4;1;283;132;0,4636;1
027;4;1;211;147;0,0000;1
027;4;1;182;175;2,5171;2
027;4;1;149;205;2,7611;1
027;4;1;167;192;2,2318;1
027;4;1;181;192;1,4711;1
027;4;1;195;201;4,8672;2
027;4;1;220;192;0,3664;2
027;4;1;158;213;2,1112;1
027;4;1;191;211;1,7682;1
027;4;1;236;210;0,8380;1
027;4;1;143;226;2,2318;1
027;4;1;167;239;1,9794;2
027;4;1;185;230;5,0929;1
027;4;1;197;232;4,8121;1
027;4;1;207;225;1,7682;1
027;4;1;225;231;0,7266;1
027;4;1;226;224;4,3319;1
027;4;1;187;248;1,7862;2
027;4;1;194;254;1,2793;1
027;4;1;224;242;0,6747;1
027;4;1;227;255;0,8961;1
027;4;1;102;256;1,9513;1
027;4;1;224;262;4,1720;1
027;4;1;142;274;1,9513;1
027;4;1;186;276;1,6705;1
027;4;1;213;283;4,5150;1
027;4;1;244;287;4,2487;1
027;4;1;246;277;1,2793;1
027;4;1;164;302;1,5708;1
027;4;1;222;328;1,2793;1
027;4;1;152;338;1,7682;1
027;4;1;183;347;1,4711;1
027;4;1;185;381;1,5708;1
027;4;1;270;381;0,7854;1
027;4;1;175;388;1,6705;1
027;4;1;159;421;1,8623;1
027;4;1;176;422;1,1903;1
027;4;1;170;447;4,3319;1
027;4;1;183;443;4,5150;1
027;4;1;186;447;0,8380;1
027;4;3;148;66;5,9027;1
027;4;3;262;84;3,2413;1
027;4;3;269;117;0,2915;1
027;4;3;152;142;3,0419;1
027;4;3;313;128;3,4330;1
027;4;3;208;173;3,0419;1
027;4;3;293;161;0,1974;1
027;4;3;224;181;0,0000;1
027;4;3;197;217;2,5309;1
027;4;3;187;239;2,9442;1
027;4;3;207;234;5,1760;1
027;4;3;213;237;5,5362;2
027;4;3;224;236;5,9917;1
027;4;3;164;242;2,6012;1
027;4;3;175;255;2,1815;1
027;4;3;205;254;1,5708;1
027;4;3;224;243;0,9601;1
027;4;3;114;264;5,9027;1
027;4;3;163;262;2,4088;1
027;4;3;175;266;1,9513;1
027;4;3;183;263;5,0929;1
027;4;3;189;260;1,7682;1
027;4;3;206;271;4,6127;1
027;4;3;223;256;1,5708;1
027;4;3;229;263;1,1903;1
027;4;3;236;266;4,3319;1
027;4;3;241;266;0,6610;1
027;4;3;254;265;3,6820;1
027;4;3;182;278;1,8628;2
027;4;3;202;285;2,0344;1
027;4;3;213;273;4,9098;1
027;4;3;216;279;1,6705;1
027;4;3;241;278;0,6107;1
027;4;3;205;290;1,6705;1
027;4;3;225;303;1,5747;2
027;4;3;234;297;1,1071;1
027;4;3;246;288;1,1903;1
027;4;3;248;303;3,9270;1
027;4;3;158;307;2,1112;1
027;4;3;203;311;1,6705;1
027;4;3;231;317;4,4209;1
027;4;3;261;311;1,1071;1
027;4;3;223;322;1,5708;1
027;4;3;228;335;1,4711;1
027;4;3;260;322;4,3319;1
027;4;3;177;339;1,5708;1
027;4;3;232;358;1,4668;2
027;4;3;162;369;1,8623;1
027;4;3;194;381;1,4711;1
027;4;3;194;403;1,5708;1
027;4;3;282;411;1,0304;1
027;4;3;183;417;1,5708;1
027;4;3;319;447;3,8163;1
027;4;3;173;448;1,6705;1
027;4;3;180;459;1,0304;1
027;5;1;184;102;0,0997;1
027;5;1;128;127;6,1029;2
027;5;1;261;114;0,1974;1
027;5;1;180;139;2,9442;1
027;5;1;215;129;0,0000;1
027;5;1;271;167;3,5221;1
027;5;1;132;183;6,1835;1
027;5;1;233;186;0,0000;1
027;5;1;118;192;3,0419;1
027;5;1;66;220;6,0452;2
027;5;1;72;230;2,9442;1
027;5;1;223;239;2,9442;1
027;5;1;117;246;0,0997;1
027;5;1;220;246;0,1974;1
027;5;1;270;250;0,1974;1
027;5;1;117;260;2,7611;1
027;5;1;286;279;3,5221;1
027;5;1;100;300;2,4669;1
027;5;1;182;311;0,0000;1
027;5;1;55;325;5,2528;1
027;5;1;111;334;2,1932;2
027;5;1;56;338;2,0344;1
027;5;1;78;342;5,4452;1
027;5;1;90;336;2,1112;1
027;5;1;96;341;5,1760;1
027;5;1;262;349;0,7153;2
027;5;1;52;361;5,1760;1
027;5;1;120;363;1,9513;1
027;5;1;70;372;1,9513;1
027;5;1;113;376;5,2528;1
027;5;1;222;372;1,1903;1
027;5;1;281;378;1,0304;1
027;5;1;297;370;4,0513;1
027;5;1;315;370;0,8380;1
027;5;1;61;391;1,8623;1
027;5;1;64;387;5,0929;1
027;5;1;200;391;1,0304;1
027;5;1;260;387;1,0304;1
027;5;1;54;410;5,0929;1
027;5;1;247;405;1,2793;1
027;5;1;199;424;1,3734;1
027;5;1;263;431;4,4209;1
027;5;3;320;66;2,8501;1
027;5;3;267;82;6,0858;1
027;5;3;320;94;6,1835;1
027;5;3;244;142;0,0000;1
027;5;3;280;167;0,0000;1
027;5;3;244;176;2,8501;1
027;5;3;341;204;3,4330;1
027;5;3;183;225;3,1416;1
027;5;3;303;224;0,0997;1
027;5;3;103;243;5,9027;1
027;5;3;133;253;5,9917;1
027;5;3;99;259;2,6012;1
027;5;3;136;259;2,9442;1
027;5;3;113;284;2,6012;1
027;5;3;184;277;6,1835;1
027;5;3;184;285;2,8476;2
027;5;3;283;282;0,0997;1
027;5;3;287;277;3,3390;1
027;5;3;333;287;0,1974;1
027;5;3;82;296;5,7428;1
027;5;3;351;316;3,5221;1
027;5;3;163;328;2,6012;1
027;5;3;341;331;3,6588;2
027;5;3;353;321;0,5404;1
027;5;3;114;349;5,4978;1
027;5;3;244;343;0,0997;1
027;5;3;118;363;2,4669;1
027;5;3;151;366;2,4669;1
027;5;3;171;361;2,4669;1
027;5;3;132;369;5,4978;2
027;5;3;154;370;5,2528;1
027;5;3;107;384;5,3871;1
027;5;3;123;397;2,1815;1
027;5;3;177;390;2,0344;1
027;5;3;340;385;0,5404;1
027;5;3;172;402;5,1760;1
027;5;3;237;416;2,6779;1
027;5;3;319;420;0,9601;1
027;5;3;100;432;5,3231;1
027;5;3;223;432;2,1112;1
027;5;3;247;443;4,5721;2
027;5;3;254;432;1,1903;1
027;5;3;305;436;1,3734;1
027;5;3;252;455;1,4711;1
045;3;1;255;106;2,6779;1
045;3;1;276;99;0,0000;1
045;3;1;250;133;2,6012;1
045;3;1;294;134;3,0419;1
045;3;1;236;148;5,8195;1
045;3;1;291;145;0,0997;1
045;3;1;218;160;2,3225;2
045;3;1;188;185;5,5504;1
045;3;1;322;190;0,6293;2
045;3;1;332;186;3,5221;1
045;3;1;247;195;5,6725;1
045;3;1;185;209;5,4978;1
045;3;1;189;223;2,0159;2
045;3;1;287;237;2,5716;2
045;3;1;356;231;0,9743;2
045;3;1;134;255;5,2528;1
045;3;1;240;251;5,3668;2
045;3;1;268;244;1,8623;1
045;3;1;337;240;1,2793;1
045;3;1;296;259;1,4711;1
045;3;1;146;287;1,9690;2
045;3;1;314;284;4,8111;2
045;3;1;350;287;1,5708;1
045;3;1;256;299;1,9513;1
045;3;1;292;297;1,8623;1
045;3;1;311;300;1,6705;1
045;3;1;140;306;2,1815;1
045;3;1;244;305;1,9513;1
045;3;1;267;317;2,1223;2
045;3;1;301;312;5,0038;1
045;3;1;343;304;4,7124;1
045;3;1;343;311;1,4711;1
045;3;1;148;330;2,1112;1
045;3;1;157;323;5,0038;1
045;3;1;178;328;5,3231;1
045;3;1;262;321;1,7359;2
045;3;1;271;327;1,7682;1
045;3;1;277;324;4,9098;1
045;3;1;294;323;1,6873;2
045;3;1;392;325;1,1903;1
045;3;1;266;339;5,2195;1
045;3;1;277;348;1,7682;1
045;3;1;283;341;5,3231;1
045;3;1;288;343;1,8623;1
045;3;1;298;340;1,8648;2
045;3;1;329;352;1,3734;1
045;3;1;367;357;1,2793;1
045;3;1;149;378;2,6012;1
045;3;1;155;371;5,4452;1
045;3;1;198;381;5,2528;1
045;3;1;265;378;5,2528;1
045;3;1;351;369;1,4711;1
045;3;1;146;390;5,4978;1
045;3;1;177;395;5,5504;1
045;3;1;239;385;1,7682;1
045;3;1;257;390;1,7682;1
045;3;1;330;390;1,5708;1
045;3;1;193;419;2,5659;2
045;3;1;223;428;2,2974;1
045;3;1;148;446;0,0000;1
045;3;1;183;432;5,8214;2
045;3;1;339;447;5,2528;1
045;3;1;349;443;5,2528;1
045;3;1;188;454;6,1835;1
045;3;1;220;459;2,5473;2
045;3;1;321;463;5,3231;1
045;3;1;347;459;2,3562;1
045;3;1;257;464;5,6725;1
045;3;3;198;63;5,9917;1
045;3;3;216;49;2,6779;1
045;3;3;183;79;2,4088;1
045;3;3;144;101;5,2528;1
045;3;3;287;97;3,4330;1
045;3;3;176;120;2,0344;1
045;3;3;203;115;5,5565;1
045;3;3;144;131;1,9137;2
045;3;3;234;142;5,9917;1
045;3;3;321;143;0,9774;2
045;3;3;161;148;5,0929;1
045;3;3;257;151;2,9029;2
045;3;3;264;144;0,8380;1
045;3;3;305;149;1,2874;2
045;3;3;197;168;5,3734;1
045;3;3;276;172;1,3734;1
045;3;3;247;177;1,5708;1
045;3;3;262;191;1,4516;2
045;3;3;319;190;1,1903;1
045;3;3;113;207;1,8919;2
045;3;3;145;249;4,9679;2
045;3;3;270;254;1,6705;1
045;3;3;298;253;1,6705;1
045;3;3;255;263;1,7682;1
045;3;3;327;278;1,4711;1
045;3;3;168;299;5,3231;1
045;3;3;215;295;1,8623;1
045;3;3;219;302;5,0929;1
045;3;3;306;298;1,4711;1
045;3;3;153;312;5,3871;1
045;3;3;283;319;5,0038;1
045;3;3;286;306;1,7682;1
045;3;3;159;344;2,7611;1
045;3;3;204;341;2,0772;2
045;3;3;128;360;6,1835;1
045;3;3;167;352;5,6084;1
045;3;3;318;361;5,2528;1
045;3;3;159;375;0,0000;1
045;3;3;202;383;5,6952;1
045;3;3;217;383;5,7223;2
045;3;3;176;399;6,0858;1
045;3;3;272;397;5,8195;1
045;3;3;295;398;5,6221;1
045;4;1;212;30;0,0997;1
045;4;1;207;34;2,8501;1
045;4;1;138;55;2,5864;2
045;4;1;151;59;5,9027;1
045;4;1;251;63;3,2413;1
045;4;1;120;71;5,6725;1
045;4;1;131;80;2,6779;1
045;4;1;196;88;6,0858;1
045;4;1;256;80;0,3805;1
045;4;1;222;102;3,2413;1
045;4;1;265;118;0,7854;1
045;4;1;117;134;2,1815;1
045;4;1;170;154;5,4978;1
045;4;1;246;159;0,6747;1
045;4;1;203;180;2,2318;1
045;4;1;214;181;1,1903;1
045;4;1;280;184;1,0304;1
045;4;1;197;192;1,8623;1
045;4;1;234;198;1,3734;1
045;4;1;255;193;1,3734;1
045;4;1;318;205;1,1071;1
045;4;1;249;239;1,7682;1
045;4;1;268;236;1,2793;1
045;4;1;69;254;5,4978;1
045;4;1;149;242;5,1760;1
045;4;1;153;246;2,0534;2
045;4;1;264;247;4,7124;1
045;4;1;317;248;0,8961;1
045;4;1;203;260;2,1112;1
045;4;1;271;271;1,4711;1
045;4;1;283;267;1,1903;1
045;4;1;163;280;2,0344;1
045;4;1;170;295;5,3231;1
045;4;1;239;297;5,5565;1
045;4;1;247;297;2,1815;1
045;4;1;137;315;5,3231;1
045;4;1;147;307;2,0344;1
045;4;1;194;315;5,3871;1
045;4;1;248;305;5,4978;1
045;4;1;161;335;5,3231;1
045;4;1;193;334;2,1815;1
045;4;1;205;331;5,3231;1
045;4;1;234;333;5,5565;1
045;4;1;205;336;2,1815;1
045;4;3;231;28;0,1974;1
045;4;3;255;24;3,1416;1
045;4;3;225;34;3,0419;1
045;4;3;152;56;2,5192;2
045;4;3;169;55;6,0858;1
045;4;3;265;59;3,2413;1
045;4;3;278;77;0,2915;1
045;4;3;146;80;2,6779;1
045;4;3;214;81;6,1835;1
045;4;3;236;94;3,1416;1
045;4;3;285;111;0,6747;1
045;4;3;135;128;2,0344;1
045;4;3;238;132;3,2413;1
045;4;3;188;146;5,3871;1
045;4;3;235;159;3,1416;1
045;4;3;271;145;0,8961;1
045;4;3;302;169;0,9601;1
045;4;3;182;189;2,0344;1
045;4;3;186;184;5,3734;1
045;4;3;255;185;1,2793;1
045;4;3;276;176;1,2793;1
045;4;3;209;216;2,0159;2
045;4;3;271;220;1,5708;1
045;4;3;293;219;1,2793;1
045;4;3;327;212;4,2487;1
045;4;3;327;217;1,0304;1
045;4;3;172;229;5,0929;1
045;4;3;175;234;2,0088;2
045;4;3;290;233;1,3734;1
045;4;3;226;241;1,9513;1
045;4;3;309;254;0,9601;1
045;4;3;114;262;1,9513;1
045;4;3;121;262;5,3734;1
045;4;3;169;278;5,4390;1
045;4;3;269;275;5,1760;1
045;4;3;272;280;2,3036;1
045;4;3;275;287;5,3231;1
045;4;3;310;272;4,2487;1
045;4;3;147;295;2,1815;1
045;4;3;159;302;5,3231;1
045;4;3;170;294;2,0344;1
045;4;3;227;300;5,3871;1
045;4;3;135;316;5,8195;1
045;4;3;145;316;2,1588;1
045;4;3;220;312;2,0344;1
045;4;3;228;313;5,4452;1
045;4;3;249;316;2,2974;1
045;4;3;252;310;5,5504;1
045;4;3;256;313;5,8195;1
045;4;3;156;334;5,6084;1
045;4;3;159;320;2,5309;1
045;4;3;162;333;2,2318;1
045;4;3;171;334;5,5565;1
045;4;3;204;320;5,6725;1
045;4;3;281;326;5,9917;1
045;4;3;311;320;3,1416;1
045;5;1;268;75;6,1835;1
045;5;1;234;87;3,1416;1
045;5;1;159;107;2,6779;1
045;5;1;215;96;6,1835;1
045;5;1;269;104;0,0997;1
045;5;1;188;118;5,9027;1
045;5;1;198;114;2,7611;1
045;5;1;280;124;3,6052;1
045;5;1;334;153;0,4636;1
045;5;1;130;203;2,6012;1
045;5;1;250;195;0,3805;1
045;5;1;264;200;3,5221;1
045;5;1;74;220;2,0797;2
045;5;1;365;213;0,7854;1
045;5;1;145;235;5,4452;1
045;5;1;154;224;2,2455;1
045;5;1;303;238;0,8961;1
045;5;1;350;234;0,7854;2
045;5;1;190;249;5,7574;2
045;5;1;262;250;0,6107;1
045;5;1;106;257;2,0344;1
045;5;1;226;259;0,1974;1
045;5;1;303;259;3,9796;1
045;5;1;227;287;1,5292;2
045;5;1;268;288;1,3710;2
045;5;1;294;294;1,2793;1
045;5;1;91;309;5,2195;1
045;5;1;151;313;2,0344;1
045;5;1;239;308;1,6705;1
045;5;1;180;333;1,9513;1
045;5;1;271;333;4,8121;1
045;5;1;103;344;5,0038;1
045;5;1;146;347;1,7682;1
045;5;1;200;340;1,6705;1
045;5;1;265;351;1,7682;1
045;5;1;273;338;1,2793;1
045;5;1;291;346;1,3734;1
045;5;1;120;359;5,1760;1
045;5;1;176;365;1,7682;1
045;5;1;243;352;1,9013;2
045;5;1;144;373;5,1760;1
045;5;1;173;399;5,0038;1
045;5;1;298;389;1,5708;1
045;5;1;315;399;4,1720;1
045;5;1;221;404;1,8623;1
045;5;1;320;402;0,7854;1
045;5;1;347;402;3,8026;1
045;5;1;196;417;5,3231;1
045;5;1;228;425;5,3004;1
045;5;1;153;437;2,6012;1
045;5;1;185;447;5,7428;1
045;5;1;217;447;5,4452;1
045;5;1;303;447;2,7611;1
045;5;1;339;433;2,9442;1
045;5;1;176;461;5,9917;1
045;5;1;199;455;5,6725;1
045;5;1;212;455;2,5309;1
045;5;3;260;88;2,8501;1
045;5;3;240;101;5,9917;1
045;5;3;293;99;0,0000;1
045;5;3;185;119;2,5309;1
045;5;3;226;124;2,7611;1
045;5;3;308;119;3,5221;1
045;5;3;213;128;6,0858;1
045;5;3;365;136;0,2915;1
045;5;3;237;156;2,9442;1
045;5;3;242;153;5,9027;1
045;5;3;289;189;0,0997;1
045;5;3;305;197;3,4330;1
045;5;3;399;223;0,7854;1
045;5;3;207;228;2,1112;1
045;5;3;350;226;0,8501;2
045;5;3;118;242;1,9397;2
045;5;3;195;249;5,1760;1
045;5;3;242;252;5,5504;1
045;5;3;310;250;0,5496;2
045;5;3;351;250;3,7523;1
045;5;3;276;271;0,0997;1
045;5;3;157;275;1,7682;1
045;5;3;267;285;1,9513;1
045;5;3;282;277;0,8961;1
045;5;3;271;288;1,6705;1
045;5;3;285;292;1,3734;1
045;5;3;320;291;1,1903;1
045;5;3;330;291;0,8520;1
045;5;3;346;288;1,0304;1
045;5;3;303;308;1,4711;1
045;5;3;208;327;1,8623;1
045;5;3;239;342;1,7682;1
045;5;3;257;345;1,5995;2
045;5;3;304;351;1,8195;2
045;5;3;325;347;1,6705;1
045;5;3;351;338;1,3734;1
045;5;3;164;363;5,0038;1
045;5;3;207;361;1,5708;1
045;5;3;132;374;2,1112;1
045;5;3;184;375;5,0038;1
045;5;3;241;374;1,7682;1
045;5;3;362;368;4,2487;1
045;5;3;368;374;0,7854;1
045;5;3;113;396;5,5504;1
045;5;3;128;398;5,3231;1
045;5;3;210;384;4,9098;1
045;5;3;353;384;1,7682;1
045;5;3;360;394;5,0038;1
045;5;3;363;384;1,8623;1
045;5;3;396;397;3,4336;2
045;5;3;129;409;2,8915;2
045;5;3;138;410;5,7428;1
045;5;3;241;410;5,1504;2
045;5;3;287;410;1,7682;1
045;5;3;351;409;1,7682;1
045;5;3;398;411;6,1835;1
045;5;3;266;421;5,2528;1
045;5;3;300;424;5,0038;1
045;5;3;334;431;2,1815;1
045;5;3;352;419;5,7428;1
045;5;3;199;439;5,8195;1
045;5;3;211;439;5,6221;1
045;5;3;355;446;5,8195;1
045;5;3;377;435;2,6779;1
045;5;3;212;449;2,4549;2
045;5;3;214;459;5,7428;1
045;5;3;257;450;5,8195;1
045;5;3;274;458;5,6084;1
045;5;3;297;454;5,5936;2
045;5;3;323;455;5,6725;1
045;5;3;251;464;5,9917;1
047;3;1;192;59;5,9917;1
047;3;1;204;59;2,4805;1
047;3;1;211;58;6,1835;1
047;3;1;252;59;3,1416;1
047;3;1;187;65;2,5309;1
047;3;1;303;81;3,9270;1
047;3;1;155;106;5,4452;1
047;3;1;178;105;5,4978;1
047;3;1;191;100;2,3562;1
047;3;1;232;101;6,0858;1
047;3;1;287;120;3,8623;2
047;3;1;171;137;1,9513;1
047;3;1;184;136;1,6206;2
047;3;1;200;140;5,4978;1
047;3;1;182;145;5,3647;2
047;3;1;187;151;2,1112;1
047;3;1;117;170;5,3231;1
047;3;1;268;173;1,0147;2
047;3;1;208;176;1,3789;2
047;3;1;216;177;2,4727;2
047;3;1;109;205;2,0344;1
047;3;1;235;203;2,4805;1
047;3;1;244;196;0,9601;1
047;3;1;328;196;4,4422;2
047;3;1;252;211;4,2487;1
047;3;1;218;233;5,4390;1
047;3;1;225;231;1,9513;1
047;3;1;98;243;5,4978;1
047;3;1;217;248;2,4681;2
047;3;1;293;247;4,4789;2
047;3;1;223;269;2,1112;1
047;3;1;229;271;5,0038;1
047;3;1;241;268;0,8961;1
047;3;1;192;287;5,3231;1
047;3;1;223;286;2,4669;1
047;3;1;225;281;0,1974;1
047;3;1;105;300;5,8195;1
047;3;1;288;302;4,1720;1
047;3;1;318;302;4,3319;1
047;3;1;81;306;5,9917;1
047;3;1;122;319;5,9917;1
047;3;1;176;313;5,7428;1
047;3;1;196;309;5,8269;2
047;3;1;135;335;6,0858;1
047;3;1;266;320;3,9270;1
047;3;1;92;337;0,0000;1
047;3;1;169;349;0,0000;1
047;3;1;116;367;6,0858;1
047;3;1;302;361;3,7523;1
047;3;1;304;367;3,4330;1
047;3;1;152;381;0,0997;1
047;3;1;102;384;6,1835;1
047;3;1;235;393;6,1835;1
047;3;1;185;438;6,1835;1
047;3;1;102;452;3,3390;1
047;3;1;159;454;3,2413;1
047;3;1;187;455;2,8501;1
047;3;3;306;104;0,0000;1
047;3;3;272;127;5,9917;1
047;3;3;240;131;2,3562;1
047;3;3;211;169;5,5235;2
047;3;3;216;160;1,9068;2
047;3;3;237;172;5,3231;1
047;3;3;262;162;2,4088;1
047;3;3;290;161;0,0000;1
047;3;3;326;166;3,5062;2
047;3;3;232;204;1,8623;1
047;3;3;259;204;5,4390;1
047;3;3;243;218;5,3559;1
047;3;3;256;211;2,1588;1
047;3;3;356;209;4,1720;1
047;3;3;359;216;1,0304;1
047;3;3;375;215;0,9704;2
047;3;3;329;227;4,2060;2
047;3;3;399;225;4,3319;1
047;3;3;181;243;5,1760;1
047;3;3;294;250;5,6725;1
047;3;3;316;249;3,6052;1
047;3;3;394;245;4,3319;1
047;3;3;179;279;1,9513;1
047;3;3;303;285;1,9513;1
047;3;3;320;287;0,8961;1
047;3;3;294;291;5,1760;1
047;3;3;314;290;4,6127;1
047;3;3;320;302;0,8380;1
047;3;3;367;296;4,2699;2
047;3;3;295;310;1,8623;1
047;3;3;312;335;5,0929;1
047;3;3;274;343;2,0344;1
047;3;3;277;336;5,1760;1
047;3;3;283;347;5,0498;2
047;3;3;396;345;4,1720;1
047;3;3;189;376;5,6725;1
047;3;3;268;378;5,4452;1
047;3;3;286;370;5,5678;2
047;3;3;355;368;3,7523;1
047;3;3;211;394;5,6725;1
047;3;3;230;406;5,7428;1
047;3;3;268;414;5,9027;1
047;3;3;374;428;3,3570;2
047;3;3;213;439;5,9027;1
047;3;3;335;443;6,1835;1
047;3;3;254;448;6,1835;1
047;3;3;347;461;3,1416;1
047;4;1;221;26;2,9442;1
047;4;1;156;64;2,2974;1
047;4;1;175;73;2,4088;1
047;4;1;177;68;5,9614;1
047;4;1;193;69;5,9325;2
047;4;1;288;87;1,0304;1
047;4;1;274;103;4,1720;1
047;4;1;145;117;5,3231;1
047;4;1;223;125;3,2413;1
047;4;1;295;142;4,4209;1
047;4;1;298;134;1,1903;1
047;4;1;179;154;2,2455;1
047;4;1;184;146;5,3871;1
047;4;1;196;145;5,7622;2
047;4;1;283;155;4,5150;1
047;4;1;290;157;1,1071;1
047;4;1;206;160;2,0344;1
047;4;1;285;167;0,9601;1
047;4;1;200;185;2,1112;1
047;4;1;161;205;5,3231;1
047;4;1;196;207;5,3734;1
047;4;1;240;217;4,2487;1
047;4;1;292;212;4,3319;1
047;4;1;145;227;5,4978;1
047;4;1;135;255;5,9917;1
047;4;1;152;255;5,9027;1
047;4;1;240;244;3,9796;1
047;4;1;319;254;0,8405;2
047;4;1;172;263;6,0858;1
047;4;1;230;263;3,6820;1
047;4;1;284;263;3,6820;1
047;4;1;112;286;0,0000;1
047;4;1;184;287;0,1974;1
047;4;1;205;284;3,3390;1
047;4;1;312;275;3,9270;1
047;4;1;139;312;0,0000;1
047;4;1;206;318;3,1416;1
047;4;1;283;307;3,4330;1
047;4;1;293;331;3,5221;1
047;4;1;135;338;0,0000;1
047;4;1;163;346;3,2304;2
047;4;1;136;363;3,1416;1
047;4;1;148;376;2,6779;1
047;4;1;154;378;0,0000;1
047;4;1;171;380;3,3390;1
047;4;1;182;375;0,1974;1
047;4;1;203;383;3,2787;2
047;4;1;230;382;0,0000;1
047;4;1;243;381;3,0419;1
047;4;1;145;395;5,9917;1
047;4;1;164;390;2,8501;1
047;4;1;174;384;0,0997;1
047;4;1;189;410;0,2915;1
047;4;1;228;401;0,6747;1
047;4;1;230;409;3,5221;1
047;4;1;196;431;3,1416;1
047;4;1;145;442;0,0997;1
047;4;1;157;458;3,3390;1
047;4;3;198;49;2,8501;1
047;4;3;151;73;5,6725;1
047;4;3;147;94;2,2455;1
047;4;3;181;94;5,8504;2
047;4;3;126;111;5,3871;1
047;4;3;272;111;3,8906;2
047;4;3;280;96;0,7854;1
047;4;3;141;149;5,3004;1
047;4;3;225;146;3,1189;2
047;4;3;185;173;2,1112;1
047;4;3;191;163;5,3559;1
047;4;3;222;161;2,8496;2
047;4;3;290;164;4,3319;1
047;4;3;212;176;1,8623;1
047;4;3;224;185;0,8961;1
047;4;3;210;192;1,5708;1
047;4;3;224;198;0,9601;1
047;4;3;173;223;5,2528;1
047;4;3;183;218;5,6952;2
047;4;3;304;213;3,9857;1
047;4;3;256;227;4,1017;1
047;4;3;160;248;5,7428;1
047;4;3;222;242;0,0000;1
047;4;3;255;249;3,8163;1
047;4;3;105;271;5,7428;1
047;4;3;170;269;5,7428;1
047;4;3;248;270;3,6052;1
047;4;3;303;270;3,6820;1
047;4;3;151;272;5,8195;1
047;4;3;191;272;6,1835;1
047;4;3;93;291;5,9917;1
047;4;3;130;301;0,0997;1
047;4;3;206;297;6,1835;1
047;4;3;226;291;3,2413;1
047;4;3;103;304;6,0232;2
047;4;3;299;308;3,4330;1
047;4;3;101;323;6,0858;1
047;4;3;161;322;0,0000;1
047;4;3;228;325;3,1416;1
047;4;3;157;349;6,1835;1
047;4;3;184;351;3,3390;1
047;4;3;158;365;3,1416;1
047;4;3;132;377;0,0000;1
047;4;3;136;373;3,1416;1
047;4;3;180;383;0,1974;1
047;4;3;210;379;0,2915;1
047;4;3;170;386;2,8501;1
047;4;3;224;389;3,0419;1
047;4;3;98;403;0,0000;1
047;4;3;172;400;0,0000;1
047;4;3;222;415;0,2915;1
047;4;3;178;447;0,0997;1
047;4;3;226;435;3,2413;1
047;4;3;104;451;0,1974;1
047;4;3;183;461;3,2413;1
047;5;1;283;35;6,1835;1
047;5;1;300;39;3,0419;1
047;5;1;312;56;0,0997;1
047;5;1;303;86;3,0419;1
047;5;1;335;97;0,0000;1
047;5;1;185;125;5,8195;1
047;5;1;292;124;6,0296;2
047;5;1;316;113;3,1416;1
047;5;1;328;115;0,0997;1
047;5;1;258;131;6,0858;1
047;5;1;291;137;3,1416;1
047;5;1;310;135;0,0000;1
047;5;1;327;135;3,1416;1
047;5;1;338;139;0,2915;1
047;5;1;373;137;0,5404;1
047;5;1;212;158;2,7611;1
047;5;1;218;154;5,9027;1
047;5;1;256;155;6,0858;1
047;5;1;294;157;3,1416;1
047;5;1;307;144;6,1676;2
047;5;1;308;158;0,0000;1
047;5;1;326;147;3,3390;1
047;5;1;336;153;0,1974;1
047;5;1;340;146;3,6052;1
047;5;1;370;158;3,8232;2
047;5;1;375;153;0,6747;1
047;5;1;180;160;2,6012;1
047;5;1;238;160;2,8501;1
047;5;1;283;174;2,9442;1
047;5;1;292;168;3,0419;1
047;5;1;353;162;0,5404;1
047;5;1;228;191;6,0858;1
047;5;1;284;184;0,0997;1
047;5;1;299;184;3,0419;1
047;5;1;304;184;0,2915;1
047;5;1;339;183;0,6107;1
047;5;1;353;191;3,5221;1
047;5;1;380;179;3,7523;1
047;5;1;394;183;3,8163;1
047;5;1;394;191;0,5404;1
047;5;1;148;200;2,2551;2
047;5;1;200;205;2,4669;1
047;5;1;204;195;5,9027;1
047;5;1;245;192;5,9027;1
047;5;1;309;195;3,1416;1
047;5;1;317;203;0,2915;1
047;5;1;334;194;3,4330;1
047;5;1;339;197;0,6747;1
047;5;1;368;202;0,5404;1
047;5;1;395;199;3,8744;1
047;5;1;400;201;0,7854;1
047;5;1;211;220;2,2974;1
047;5;1;246;218;2,6012;1
047;5;1;255;214;6,0858;1
047;5;1;394;214;3,8744;1
047;5;1;400;218;0,9601;1
047;5;1;150;233;5,4978;1
047;5;1;241;228;2,6012;1
047;5;1;245;231;5,8195;1
047;5;1;271;232;2,6779;1
047;5;1;275;225;5,9892;2
047;5;1;278;239;0,0000;1
047;5;1;406;238;1,1071;1
047;5;1;289;244;0,5404;1
047;5;1;297;242;3,4330;1
047;5;1;218;270;5,6663;2
047;5;1;271;271;2,8501;1
047;5;1;309;263;1,1521;2
047;5;1;258;286;2,2455;1
047;5;1;268;279;1,7682;1
047;5;1;328;282;4,3319;1
047;5;1;351;274;4,3319;1
047;5;1;175;302;2,4669;1
047;5;1;399;298;4,4209;1
047;5;1;116;315;5,6084;1
047;5;1;274;318;5,6084;1
047;5;1;294;306;5,6330;2
047;5;1;325;304;3,6820;1
047;5;1;399;312;4,4209;1
047;5;1;403;305;1,1071;1
047;5;1;155;334;5,8504;2
047;5;1;194;329;2,6012;1
047;5;1;203;329;5,7020;2
047;5;1;335;329;3,6052;1
047;5;1;161;349;0,0256;2
047;5;1;334;343;3,5221;1
047;5;1;364;345;3,9796;1
047;5;1;384;344;4,3319;1
047;5;1;135;359;6,0858;1
047;5;1;232;353;5,9980;2
047;5;1;242;363;5,9917;1
047;5;1;278;367;6,1835;1
047;5;1;400;352;0,5404;1
047;5;1;120;381;5,9027;1
047;5;1;163;377;6,0858;1
047;5;1;203;370;6,0858;1
047;5;1;216;372;6,1835;1
047;5;1;342;383;3,4330;1
047;5;1;359;368;3,7523;1
047;5;1;395;371;3,7523;1
047;5;1;204;396;0,0000;1
047;5;1;248;389;0,0997;1
047;5;1;310;395;0,0000;1
047;5;1;374;384;0,4636;1
047;5;1;263;424;0,1974;1
047;5;1;196;462;0,7285;2
047;5;1;207;457;3,6820;1
047;5;1;210;452;1,1071;1
047;5;1;304;461;0,1974;1
047;5;3;283;119;0,0997;1
047;5;3;357;136;3,5221;1
047;5;3;267;145;2,9442;1
047;5;3;274;145;6,0858;1
047;5;3;276;151;3,0419;1
047;5;3;308;158;0,0000;1
047;5;3;232;160;5,9917;1
047;5;3;241;173;6,1835;1
047;5;3;225;184;2,5309;1
047;5;3;293;181;0,0000;1
047;5;3;329;186;3,3390;1
047;5;3;205;202;5,9917;1
047;5;3;238;200;5,9917;1
047;5;3;289;200;0,0000;1
047;5;3;316;206;3,1416;1
047;5;3;347;196;0,2915;1
047;5;3;197;211;6,1925;2
047;5;3;229;215;2,6779;1
047;5;3;236;212;5,9027;1
047;5;3;331;223;0,4636;1
047;5;3;178;224;5,6084;1
047;5;3;235;239;2,5309;1
047;5;3;280;225;3,1416;1
047;5;3;289;224;0,0000;1
047;5;3;306;237;0,1974;1
047;5;3;317;233;3,2413;1
047;5;3;411;224;0,5404;1
047;5;3;318;253;0,6679;2
047;5;3;377;243;3,7523;1
047;5;3;178;262;5,4978;1
047;5;3;223;271;5,6725;1
047;5;3;244;271;2,3562;1
047;5;3;260;271;5,9027;1
047;5;3;341;258;3,5221;1
047;5;3;341;268;0,7239;2
047;5;3;151;285;2,0344;1
047;5;3;219;279;2,1112;1
047;5;3;223;284;5,4390;1
047;5;3;255;275;2,3036;1
047;5;3;380;287;0,8961;1
047;5;3;240;294;4,9905;2
047;5;3;248;295;2,1112;1
047;5;3;155;326;5,2528;1
047;5;3;226;323;5,3871;1
047;5;3;246;321;5,3871;1
047;5;3;272;331;6,0858;1
047;5;3;303;333;3,6820;1
047;5;3;307;330;0,9601;1
047;5;3;274;348;0,0997;1
047;5;3;289;342;0,7854;1
047;5;3;269;358;2,5309;1
047;5;3;279;357;1,0304;1
047;5;3;302;359;4,1720;1
047;5;3;305;367;1,1071;1
047;5;3;310;352;1,1546;2
047;5;3;349;354;4,1720;1
047;5;3;227;368;5,2528;1
047;5;3;296;368;1,3108;2
047;5;3;335;374;4,1017;1
047;5;3;402;376;4,0831;2
047;5;3;266;386;1,9513;1
047;5;3;304;388;1,2680;2
047;5;3;316;399;3,9270;1
047;5;3;333;397;3,6052;1
047;5;3;343;389;0,7854;1
047;5;3;200;401;2,0344;1
047;5;3;293;415;5,3231;1
047;5;3;303;402;5,5431;2
047;5;3;391;415;4,1017;1
047;5;3;382;429;3,6820;1
047;5;3;407;422;0,5404;1
047;5;3;349;433;3,2413;1
047;5;3;405;443;3,6820;1
047;5;3;168;455;5,7761;1
057;3;1;242;67;0,1974;1
057;3;1;304;92;4,1720;1
057;3;1;243;107;0,5404;1
057;3;1;235;143;2,8501;1
057;3;1;255;133;3,6052;1
057;3;1;373;168;0,9601;1
057;3;1;239;185;2,1112;1
057;3;1;290;180;4,3319;1
057;3;1;294;189;1,1071;1
057;3;1;259;198;1,1071;1
057;3;1;362;200;4,3319;1
057;3;1;243;208;1,4711;1
057;3;1;322;216;4,2487;1
057;3;1;168;225;5,0038;1
057;3;1;183;224;1,9513;1
057;3;1;201;232;1,7682;1
057;3;1;224;232;1,5582;2
057;3;1;253;225;1,1175;2
057;3;1;314;235;4,3319;1
057;3;1;330;228;1,2793;1
057;3;1;207;252;1,7682;1
057;3;1;226;255;1,5470;2
057;3;1;320;243;1,1903;1
057;3;1;173;256;4,9098;1
057;3;1;192;268;1,9890;1
057;3;1;196;257;1,5708;2
057;3;1;204;270;5,1617;2
057;3;1;312;258;0,9254;2
057;3;1;224;277;1,7127;2
057;3;1;275;277;4,2487;1
057;3;1;223;292;1,3734;1
057;3;1;306;303;4,4209;1
057;3;1;326;292;4,4209;1
057;3;1;332;297;0,7854;1
057;3;1;137;332;5,1760;1
057;3;1;223;327;2,1588;1
057;3;1;224;339;0,2915;1
057;3;1;241;346;3,6052;1
057;3;1;304;341;3,6820;1
057;3;1;319;336;3,9796;1
057;3;1;129;367;5,4452;1
057;3;1;284;359;3,5221;1
057;3;1;182;369;5,6221;1
057;3;1;208;378;6,1835;1
057;3;1;282;373;0,4636;1
057;3;1;301;376;3,5221;1
057;3;1;152;390;5,8195;1
057;3;1;224;391;0,0997;1
057;3;1;262;390;3,4330;1
057;3;1;272;398;0,5071;1
057;3;1;289;390;3,7007;2
057;3;1;167;415;5,8195;1
057;3;1;294;411;3,7296;1
057;3;1;312;414;3,6820;1
057;3;1;337;400;4,1017;1
057;3;1;202;425;2,8501;1
057;3;1;222;422;0,0000;1
057;3;1;237;417;3,1416;1
057;3;1;263;431;3,1416;1
057;3;1;282;421;2,9442;1
057;3;1;292;421;0,4826;2
057;3;1;203;438;6,2148;2
057;3;1;211;436;2,8122;2
057;3;1;223;432;0,1903;2
057;3;1;263;446;3,1416;1
057;3;1;221;458;2,9442;1
057;3;1;240;461;6,1835;1
057;3;1;242;451;0,0000;1
057;3;1;277;460;3,2413;1
057;3;1;303;461;2,9442;1
057;3;1;211;464;0,0000;1
057;3;3;333;93;1,1071;1
057;3;3;340;113;4,5150;1
057;3;3;244;152;0,2915;1
057;3;3;297;183;4,5150;1
057;3;3;236;194;0,7854;1
057;3;3;233;222;3,8104;2
057;3;3;218;227;3,5221;1
057;3;3;221;242;3,1416;1
057;3;3;358;249;1,0304;1
057;3;3;129;261;5,3871;1
057;3;3;145;269;2,1465;2
057;3;3;207;275;2,2455;1
057;3;3;226;272;1,1071;1
057;3;3;348;277;4,7124;1
057;3;3;124;292;5,5898;2
057;3;3;191;290;1,9513;1
057;3;3;219;293;1,5032;2
057;3;3;231;288;1,3390;2
057;3;3;182;314;1,7602;2
057;3;3;254;314;4,9311;1
057;3;3;176;324;1,9635;2
057;3;3;283;328;1,0304;1
057;3;3;177;340;1,8802;2
057;3;3;231;340;4,3319;1
057;3;3;261;364;4,5150;1
057;3;3;124;377;5,3871;1
057;3;3;145;375;5,8195;1
057;3;3;301;383;4,3319;1
057;3;3;317;382;4,2487;1
057;3;3;248;398;4,1720;1
057;3;3;144;400;6,0677;2
057;3;3;188;405;3,8163;1
057;3;3;229;407;3,6052;1
057;3;3;275;412;4,4209;1
057;3;3;139;417;6,0858;1
057;3;3;168;420;3,1416;1
057;3;3;141;432;6,1835;1
057;3;3;169;435;3,6103;2
057;3;3;280;455;4,1720;1
057;3;3;218;464;3,2413;1
057;4;1;211;43;0,0000;1
057;4;1;263;91;3,9857;1
057;4;1;157;128;2,3036;1
057;4;1;255;153;0,6107;1
057;4;1;233;166;0,8380;1
057;4;1;191;193;2,2455;1
057;4;1;192;199;0,7854;1
057;4;1;340;201;0,8961;1
057;4;1;180;216;2,0779;1
057;4;1;191;210;1,9513;1
057;4;1;245;214;1,1903;1
057;4;1;135;237;1,6705;1
057;4;1;158;230;4,8121;1
057;4;1;175;228;5,1306;1
057;4;1;271;231;1,2793;1
057;4;1;125;253;1,5573;2
057;4;1;139;255;4,8121;1
057;4;1;152;250;1,2793;1
057;4;1;229;251;1,2793;1
057;4;1;254;249;1,2793;1
057;4;1;139;268;1,2553;2
057;4;1;207;266;3,8026;1
057;4;1;139;283;4,7124;1
057;4;1;284;274;4,7124;1
057;4;1;143;293;1,2793;1
057;4;1;179;291;1,0304;1
057;4;1;239;297;4,3319;1
057;4;1;239;318;3,7523;1
057;4;1;341;319;0,8380;1
057;4;1;198;324;3,6487;1
057;4;1;188;348;0,8961;1
057;4;1;267;341;4,4209;1
057;4;1;205;352;3,6052;1
057;4;1;257;367;4,1720;1
057;4;1;287;366;3,8163;1
057;4;1;135;381;4,1017;1
057;4;1;221;379;0,1974;1
057;4;1;315;371;3,8026;1
057;4;1;145;392;0,8961;1
057;4;1;304;405;3,8163;1
057;4;1;192;439;3,0419;1
057;4;3;257;79;0,0997;1
057;4;3;262;72;3,3390;1
057;4;3;248;89;0,1974;1
057;4;3;258;84;3,2413;1
057;4;3;184;135;2,7611;1
057;4;3;256;140;0,2915;1
057;4;3;304;138;3,6820;1
057;4;3;256;153;3,2413;1
057;4;3;196;180;2,3036;1
057;4;3;292;196;0,5404;1
057;4;3;274;211;0,7854;1
057;4;3;153;227;2,1112;1
057;4;3;234;239;2,6396;2
057;4;3;208;255;1,8501;2
057;4;3;239;250;2,0344;1
057;4;3;243;243;1,2793;1
057;4;3;223;261;1,8623;1
057;4;3;288;257;1,1903;1
057;4;3;180;276;1,5708;1
057;4;3;198;282;4,9098;1
057;4;3;216;282;5,0038;1
057;4;3;255;272;1,2793;1
057;4;3;312;275;1,2793;1
057;4;3;139;298;1,8623;1
057;4;3;162;292;1,5708;1
057;4;3;181;291;4,6127;1
057;4;3;189;288;1,5834;2
057;4;3;205;288;1,4711;1
057;4;3;242;300;4,8121;1
057;4;3;271;298;1,2793;1
057;4;3;294;292;1,2793;1
057;4;3;166;304;1,3734;1
057;4;3;203;314;4,5150;1
057;4;3;258;320;3,8026;1
057;4;3;271;332;4,2487;1
057;4;3;325;323;4,6127;1
057;4;3;212;342;0,9254;2
057;4;3;280;345;4,3319;1
057;4;3;231;372;3,9270;1
057;4;3;159;396;4,5150;1
057;4;3;223;390;0,7517;2
057;4;3;304;389;4,3319;1
057;4;3;168;402;1,1484;2
057;4;3;176;403;0,8442;1
057;4;3;243;400;3,6052;1
057;4;3;289;412;4,0513;1
057;4;3;256;427;0,1974;1
057;4;3;321;418;4,1017;1
057;4;3;237;438;3,3390;1
057;4;3;273;443;3,3971;2
057;4;3;280;433;3,2413;1
057;5;1;159;32;2,4669;1
057;5;1;142;57;5,9027;1
057;5;1;83;74;5,8195;1
057;5;1;196;73;6,0858;1
057;5;1;86;80;2,4669;1
057;5;1;220;87;5,9027;1
057;5;1;256;120;0,0000;1
057;5;1;75;139;2,0701;2
057;5;1;176;175;2,6779;1
057;5;1;91;178;5,4978;1
057;5;1;142;183;5,8195;1
057;5;1;186;186;5,9917;1
057;5;1;300;176;3,3390;1
057;5;1;308;177;0,0997;1
057;5;1;36;199;2,5309;1
057;5;1;292;192;0,1974;1
057;5;1;319;197;3,3390;1
057;5;1;98;220;2,6012;1
057;5;1;314;216;0,1974;1
057;5;1;23;233;5,6725;1
057;5;1;246;231;3,1416;1
057;5;1;93;248;5,4452;1
057;5;1;248;246;0,0000;1
057;5;1;28;279;2,7611;1
057;5;1;123;275;2,3562;1
057;5;1;221;277;6,0858;1
057;5;1;110;288;5,4978;1
057;5;1;330;302;0,4636;1
057;5;1;161;313;5,6084;1
057;5;1;54;320;2,0344;1
057;5;1;103;365;2,1815;1
057;5;1;247;356;3,3458;2
057;5;1;49;373;2,2455;1
057;5;1;172;382;5,6725;1
057;5;1;324;381;0,7328;1
057;5;1;249;388;0,6107;1
057;5;1;295;390;3,8744;1
057;5;1;49;401;5,4390;1
057;5;1;111;400;5,3871;1
057;5;1;203;407;6,0858;1
057;5;1;41;424;2,4669;1
057;5;1;252;421;0,9601;1
057;5;1;163;444;1,9513;1
057;5;1;148;458;5,2528;1
057;5;1;279;454;3,9270;1
057;5;3;167;67;0,0000;1
057;5;3;183;87;6,1835;1
057;5;3;289;109;0,3393;2
057;5;3;205;121;6,0858;1
057;5;3;252;120;0,0000;1
057;5;3;261;152;0,1974;1
057;5;3;287;159;0,7086;1
057;5;3;93;166;6,1835;1
057;5;3;128;167;2,7611;1
057;5;3;133;185;6,0858;1
057;5;3;243;187;3,1416;1
057;5;3;304;179;0,1974;1
057;5;3;232;205;0,2915;1
057;5;3;257;213;3,4330;1
057;5;3;252;231;0,1974;1
057;5;3;66;254;2,5309;1
057;5;3;186;242;3,2413;1
057;5;3;304;248;0,4636;1
057;5;3;48;265;5,8195;1
057;5;3;188;258;0,0997;1
057;5;3;144;274;6,1835;1
057;5;3;156;273;3,1416;1
057;5;3;161;288;0,0000;1
057;5;3;324;298;3,6820;1
057;5;3;97;313;5,8195;1
057;5;3;272;317;0,4636;1
057;5;3;38;342;2,5309;1
057;5;3;32;379;5,5780;2
057;5;3;99;378;5,6725;1
057;5;3;180;372;3,2413;1
057;5;3;265;391;0,7328;1
057;5;3;67;407;2,4805;1
057;5;3;146;404;5,9917;1
057;5;3;188;401;0,6107;1
057;5;3;234;401;3,8163;1
057;5;3;170;426;3,5221;1
057;5;3;188;430;0,7854;1
057;5;3;76;445;5,5565;1
057;5;3;92;439;2,3562;1
057;5;3;162;441;0,6107;1
057;5;3;171;439;3,4330;1
057;5;3;49;448;2,2455;1
057;5;3;144;456;0,2915;1
057;5;3;222;461;3,6487;1
076;3;1;265;97;0,0000;1
076;3;1;333;96;3,3390;1
076;3;1;188;147;5,6725;1
076;3;1;227;173;5,9027;1
076;3;1;144;189;2,2455;1
076;3;1;151;180;5,2528;1
076;3;1;251;176;5,9917;1
076;3;1;284;189;0,0000;1
076;3;1;158;217;5,2528;1
076;3;1;220;224;2,3036;1
076;3;1;227;226;5,6378;2
076;3;1;256;226;0,0000;1
076;3;1;257;239;0,0997;1
076;3;1;271;228;2,9463;2
076;3;1;306;250;1,0304;1
076;3;1;327;245;4,1017;1
076;3;1;271;271;3,1416;1
076;3;1;362;267;0,9601;1
076;3;1;175;275;5,3734;1
076;3;1;179;281;2,1815;1
076;3;1;185;275;5,0929;1
076;3;1;256;278;0,0000;1
076;3;1;271;287;3,1416;1
076;3;1;142;303;5,1760;1
076;3;1;255;290;6,2554;2
076;3;1;231;319;5,3871;1
076;3;1;285;311;1,0304;1
076;3;1;342;310;4,5150;1
076;3;1;227;322;2,1112;1
076;3;1;291;323;4,3319;1
076;3;1;302;323;1,1903;1
076;3;1;183;339;5,3231;1
076;3;1;292;344;1,4711;1
076;3;1;250;366;1,7682;1
076;3;1;239;377;1,8623;1
076;3;1;310;381;1,2793;1
076;3;1;250;393;5,0929;1
076;3;1;291;398;1,9513;1
076;3;1;215;415;5,0038;1
076;3;1;295;416;1,8623;1
076;3;1;298;447;5,9614;1
076;3;1;301;432;5,4978;2
076;3;1;321;432;3,6436;2
076;3;1;274;463;5,7311;2
076;3;1;294;454;2,5309;1
076;3;1;332;453;3,1416;1
076;3;3;222;99;5,6725;1
076;3;3;265;126;5,9027;1
076;3;3;294;128;6,1835;1
076;3;3;323;142;0,4636;1
076;3;3;366;146;3,7523;1
076;3;3;166;171;2,0344;1
076;3;3;191;164;5,3871;1
076;3;3;259;175;2,5309;1
076;3;3;155;178;5,3871;1
076;3;3;265;180;5,5936;2
076;3;3;291;185;0,0000;1
076;3;3;303;191;2,9442;1
076;3;3;288;207;0,0997;1
076;3;3;363;205;4,0376;1
076;3;3;208;220;5,2528;1
076;3;3;339;212;1,1071;1
076;3;3;283;231;6,1835;1
076;3;3;302;231;3,2413;1
076;3;3;170;243;5,3231;1
076;3;3;279;248;6,0858;1
076;3;3;287;252;3,0419;1
076;3;3;265;260;5,6221;1
076;3;3;271;265;2,9442;1
076;3;3;288;269;1,4711;1
076;3;3;293;265;1,1903;1
076;3;3;198;284;5,2528;1
076;3;3;321;285;1,2768;2
076;3;3;370;276;4,6127;1
076;3;3;312;305;1,5708;1
076;3;3;256;321;1,9535;2
076;3;3;150;342;5,3871;1
076;3;3;156;340;2,1588;1
076;3;3;321;345;1,3993;2
076;3;3;225;366;5,1760;1
076;3;3;256;359;5,4452;1
076;3;3;304;359;1,9513;1
076;3;3;319;392;2,6012;1
076;3;3;303;413;2,5309;1
076;3;3;152;423;6,0858;1
076;3;3;186;419;6,1835;1
076;3;3;257;425;5,8195;1
076;3;3;279;427;5,8195;1
076;3;3;182;442;2,7611;1
076;3;3;205;438;0,0000;1
076;3;3;202;456;6,1835;1
076;3;3;206;460;2,9442;1
076;3;3;256;451;6,0858;1
076;3;3;268;449;2,9442;1
076;4;1;188;90;2,9442;1
076;4;1;251;108;0,0000;1
076;4;1;262;108;3,1416;1
076;4;1;187;117;6,0858;1
076;4;1;197;115;2,9442;1
076;4;1;115;133;5,9917;1
076;4;1;291;128;0,0000;1
076;4;1;303;129;3,2413;1
076;4;1;212;162;6,0858;1
076;4;1;218;169;2,9807;2
076;4;1;278;169;3,6052;1
076;4;1;101;179;2,4669;1
076;4;1;196;181;6,1413;2
076;4;1;281;184;0,2915;1
076;4;1;103;208;5,7428;1
076;4;1;183;228;6,0858;1
076;4;1;271;241;0,7854;1
076;4;1;311;246;0,3805;1
076;4;1;119;279;2,1815;1
076;4;1;212;305;2,6012;1
076;4;1;336;313;0,8380;1
076;4;1;88;335;5,4390;1
076;4;1;216;320;2,1112;1
076;4;1;223;328;2,1588;1
076;4;1;250;335;4,3319;1
076;4;1;321;321;1,0304;1
076;4;1;177;336;2,1815;1
076;4;1;245;343;1,1071;1
076;4;1;257;347;1,4711;1
076;4;1;300;350;1,4711;1
076;4;1;181;358;1,8088;2
076;4;1;205;352;1,8623;1
076;4;1;274;366;1,5708;1
076;4;1;136;373;2,2455;1
076;4;1;226;371;4,8121;1
076;4;1;104;384;5,3231;1
076;4;1;215;385;5,1306;1
076;4;1;220;399;5,3231;1
076;4;1;234;396;5,0929;1
076;4;1;273;397;1,6097;2
076;4;1;302;393;1,1071;1
076;4;1;136;414;5,3871;1
076;4;1;204;415;5,8650;1
076;4;1;288;411;1,2793;1
076;4;1;319;414;1,1903;1
076;4;1;124;431;5,6725;1
076;4;1;153;431;5,6221;1
076;4;1;177;430;5,5565;1
076;4;1;224;427;3,0419;1
076;4;1;188;439;2,5536;1
076;4;1;193;432;5,9458;2
076;4;1;200;437;6,1835;1
076;4;1;297;447;4,8121;1
076;4;1;106;463;6,1835;1
076;4;1;126;455;6,1835;1
076;4;1;186;461;0,0997;1
076;4;1;247;450;6,0858;1
076;4;1;293;462;6,0858;1
076;4;1;145;464;6,1835;1
076;4;3;232;127;6,1196;2
076;4;3;233;134;2,9442;1
076;4;3;125;157;2,2455;1
076;4;3;128;153;5,5565;1
076;4;3;304;153;0,3805;1
076;4;3;129;165;5,4452;1
076;4;3;207;189;6,0858;1
076;4;3;288;207;0,6107;1
076;4;3;112;223;5,3231;1
076;4;3;105;227;2,3562;1
076;4;3;136;234;2,1112;1
076;4;3;223;271;2,6012;1
076;4;3;108;289;5,2528;1
076;4;3;195;298;2,2472;2
076;4;3;233;294;2,0344;1
076;4;3;264;303;4,5150;1
076;4;3;331;289;1,2793;1
076;4;3;216;317;1,9513;1
076;4;3;230;311;1,4711;1
076;4;3;257;306;1,2793;1
076;4;3;267;312;1,5708;1
076;4;3;188;325;1,9513;1
076;4;3;236;335;4,8121;1
076;4;3;283;332;1,7682;1
076;4;3;118;346;5,2528;1
076;4;3;149;337;2,1932;2
076;4;3;239;366;5,0929;1
076;4;3;278;367;1,3734;1
076;4;3;305;362;1,4711;1
076;4;3;147;376;5,3871;1
076;4;3;209;383;5,8195;1
076;4;3;222;375;2,5309;1
076;4;3;223;383;5,6084;1
076;4;3;160;399;5,6221;1
076;4;3;182;399;5,6725;1
076;4;3;232;396;2,8501;1
076;4;3;289;389;1,4711;1
076;4;3;87;400;5,9027;1
076;4;3;119;415;5,7428;1
076;4;3;211;408;0,0000;1
076;4;3;303;411;1,5708;1
076;4;3;202;418;0,0000;1
076;4;3;211;424;3,1416;1
076;4;3;248;426;5,9027;1
076;4;3;291;429;5,0038;1
076;4;3;132;432;6,0232;2
076;4;3;183;436;6,0858;1
076;4;3;303;440;3,2413;1
076;4;3;140;448;6,1835;1
076;4;3;160;459;3,4633;1
076;4;3;165;448;0,0000;1
076;4;3;191;448;0,0000;1
076;4;3;237;458;6,1628;2
076;5;1;184;130;5,7227;2
076;5;1;201;133;5,9027;1
076;5;1;178;145;5,9917;1
076;5;1;214;147;0,2915;1
076;5;1;209;165;3,1416;1
076;5;1;233;168;0,0000;1
076;5;1;245;168;3,1416;1
076;5;1;208;181;0,0000;1
076;5;1;225;182;3,2413;1
076;5;1;324;182;0,3805;1
076;5;1;188;203;0,0997;1
076;5;1;202;196;2,9442;1
076;5;1;118;218;2,5536;1
076;5;1;189;213;3,0419;1
076;5;1;170;235;5,9917;1
076;5;1;276;227;0,4636;1
076;5;1;295;237;3,6052;1
076;5;1;119;247;5,9027;1
076;5;1;195;244;6,0858;1
076;5;1;325;254;0,6107;1
076;5;1;194;285;0,0000;1
076;5;1;250;279;3,4330;1
076;5;1;92;303;2,2455;1
076;5;1;178;308;0,0000;1
076;5;1;230;307;0,6107;1
076;5;1;256;306;0,7266;1
076;5;1;300;326;0,9601;1
076;5;1;328;323;0,7854;1
076;5;1;160;345;5,9917;1
076;5;1;216;346;0,9356;2
076;5;1;101;352;5,6725;1
076;5;1;104;358;2,3036;1
076;5;1;94;368;5,4978;1
076;5;1;175;383;2,4228;1
076;5;1;281;381;1,0304;1
076;5;1;172;392;1,8623;1
076;5;1;193;384;1,6705;1
076;5;1;228;409;1,6279;2
076;5;1;259;410;1,1903;1
076;5;1;323;412;1,1071;1
076;5;1;167;425;2,1112;1
076;5;1;290;430;1,1903;1
076;5;1;228;438;5,0038;1
076;5;1;243;435;1,6705;1
076;5;1;218;448;2,0344;1
076;5;1;236;456;4,9328;2
076;5;3;263;101;2,8501;1
076;5;3;232;112;5,8195;1
076;5;3;281;121;2,8501;1
076;5;3;291;121;5,9917;1
076;5;3;311;124;6,1835;1
076;5;3;266;135;5,9917;1
076;5;3;287;139;2,9442;1
076;5;3;185;159;2,8501;1
076;5;3;312;150;0,0997;1
076;5;3;198;169;1,8623;1
076;5;3;204;171;4,8121;1
076;5;3;217;171;2,2684;2
076;5;3;239;164;5,9027;1
076;5;3;191;191;2,2974;1
076;5;3;236;178;5,8195;1
076;5;3;170;202;2,4805;1
076;5;3;204;192;2,4330;1
076;5;3;212;194;5,0038;1
076;5;3;230;192;5,9027;1
076;5;3;239;204;2,6012;1
076;5;3;240;197;5,9917;1
076;5;3;224;212;5,8195;1
076;5;3;227;222;5,9917;1
076;5;3;236;213;5,8650;1
076;5;3;256;213;0,0000;1
076;5;3;220;224;2,6779;1
076;5;3;251;229;2,8501;1
076;5;3;279;230;0,0000;1
076;5;3;294;230;3,1416;1
076;5;3;378;235;0,2915;1
076;5;3;256;245;0,0000;1
076;5;3;285;244;3,1416;1
076;5;3;253;261;2,9442;1
076;5;3;152;279;5,6725;1
076;5;3;237;272;6,0858;1
076;5;3;242;278;2,9442;1
076;5;3;324;286;0,1974;1
076;5;3;168;297;2,6779;1
076;5;3;357;294;0,5880;1
076;5;3;368;300;3,5221;1
076;5;3;218;304;5,9917;1
076;5;3;251;310;5,9917;1
076;5;3;375;304;0,6107;1
076;5;3;173;321;5,8195;1
076;5;3;107;344;5,9027;1
076;5;3;256;351;0,0000;1
076;5;3;315;340;3,4790;2
076;5;3;369;352;0,5404;1
076;5;3;145;370;2,6779;1
076;5;3;242;376;0,0000;1
076;5;3;294;375;0,6107;1
076;5;3;316;372;0,6107;1
076;5;3;381;380;0,5404;1
076;5;3;359;391;0,8380;1
076;5;3;224;413;5,8195;1
076;5;3;284;413;0,9601;1
076;5;3;162;419;5,6084;1
076;5;3;339;445;1,1071;1
076;5;3;113;459;2,6012;1
076;5;3;254;454;1,5430;2
